index,product,category,sale_price,market_price,type,rating
1,Pro Garlic Oil - Vegetarian Capsule 500 mg Model,Beauty & Hygiene,220.0,220.0,Hair Oil & Serum,4.1
2,Fusion Water Bottle - Orange Premium Pack,"Kitchen, Garden & Pets",180.0,180.0,Water & Fridge Bottles,2.3
3,Amul Butter 100g (Carton),Groceries,58.0,60.0,Dairy & Bakery,3.6
4,Amul Butter 500g (Carton),Groceries,285.0,295.0,Dairy & Bakery,3.6
5,"Essential Brass Angle Deep - Plain, No.2 Set",Cleaning & Household,119.0,250.0,Lamp & Lamp Oil,3.4
6,Signature Cereal Flip Lid Container/Storage Jar - Assorted Colour Premium Pack,Cleaning & Household,149.0,176.0,"Laundry, Storage Baskets",3.7
7,Essential Creme Soft Soap - For Hands & Body Bundle,Beauty & Hygiene,162.0,162.0,Bathing Bars & Soaps,4.4
8,Fusion Germ - Removal Multipurpose Wipes Range,Cleaning & Household,169.0,199.0,Disinfectant Spray & Cleaners,3.3
9,"VLITE Food Wrapping Butter Paper Roll- (Medium Roll, 280mm x 40mtr)",Groceries,139.0,430.0,Food Wrappers,3.3
10,Signature Multani Mati Edition,Beauty & Hygiene,58.0,58.0,Face Care,3.6
11,Home One Aluminum Foil 9 m,Groceries,65.0,150.0,Food Wrappers,3.5
12,Pink Delight Pure & Natural Jaggery | Organic Gur| Purest Form Of Gur| Brown Gur| 900g  ,Groceries,249.0,400.0,Cooking Essentials,3.6
13,Fusion Hand Sanitizer - 70% Alcohol Base Range,Beauty & Hygiene,250.0,250.0,Hand Wash & Sanitizers,4.0
14,Max Biotin & Collagen Volumizing Hair Shampoo + Biotin & Collagen Hair Conditioner Set,Beauty & Hygiene,1098.0,1098.0,Shampoo & Conditioner,3.5
15,"Signature Scrub Pad - Anti- Bacterial, Regular Premium Pack",Cleaning & Household,20.0,20.0,"Utensil Scrub-Pad, Glove",4.3
16,Good Life Popcorn Maize 500 g,Groceries,81.0,95.0,Millets and Grains,3.7
17,Essential Wheat Grass Powder - Raw Selection,Gourmet & World Food,261.0,290.0,Flours & Pre-Mixes,4.0
18,Pro Butter Cookies Gold Collection Line,Gourmet & World Food,600.0,600.0,"Luxury Chocolates, Gifts",2.2
19,"Expert Face Wash - Oil Control, Active Edition",Beauty & Hygiene,110.0,110.0,Face Care,5.0
20,Advanced Mold & Mildew Remover with Bleach Model,Cleaning & Household,350.0,350.0,Floor & Other Cleaners,3.8
21,Good Life Popcorn Jawar 1kg,Groceries,73.0,80.0,Millets and Grains,3.8
22,Knorr Sweet Corn Veg Instant Cup-a-Soup 9.5 g,Groceries,10.0,10.0,Instant Food Products,3.6
23,Expert Just Spray - Mosquito Repellent Room Spray Selection,Cleaning & Household,200.0,200.0,Mosquito Repellent,4.2
24,Fusion Dove Plastic Soap Case - Assorted Colour Set,Cleaning & Household,49.0,59.0,Soap Cases & Dispensers,4.0
25,New Generation Smooth Skin Oil - For Dry Skin Edition,Beauty & Hygiene,324.0,360.0,Aromatherapy,5.0
26,Signature Salted Pumpkin Edition,Gourmet & World Food,180.0,180.0,Roasted Seeds & Nuts,4.9
27,Act II Golden Sizzle Instant Popcorn 30g,Groceries,10.0,10.0,Instant Food Products,4.3
28,Ultimate Flax Seeds - Roasted Premium Pack,Gourmet & World Food,120.0,120.0,Roasted Seeds & Nuts,4.3
29,Artisan Organic Tofu - Soy Paneer Style,Gourmet & World Food,85.14,90.0,Tofu,3.9
30,Signature Ceramic Barrel Brush - Colour May Vary Collection,Beauty & Hygiene,525.0,700.0,Tools & Accessories,4.2
31,Artisan Instant Noodles - Chicken Satay Flavor Line,Gourmet & World Food,45.0,50.0,Imported Noodles,4.1
32,Ultimate Chia Seeds Edition,"Foodgrains, Oil & Masala",120.0,120.0,Other Dry Fruits,3.9
33,New Generation Cleanse Green Tea - Whole Leaf Loose Tea Style,Gourmet & World Food,75.0,75.0,Gourmet Tea & Tea Bags,3.9
34,Max Veggie Cutter Model,"Kitchen, Garden & Pets",195.0,195.0,Choppers & Graters,5.0
35,Milky Mist Paneer 200g (Pack),Groceries,69.0,125.0,Dairy & Bakery,3.6
36,Amul Cheese Cubes 1kg (Carton),Groceries,567.0,610.0,Dairy & Bakery,3.8
37,Expert Insulated Hot Fresh Casserole For Roti/Chapati - White Selection,"Kitchen, Garden & Pets",659.0,895.0,Casserole,3.3
38,New Generation Granola - Happy Berries Model,Snacks & Branded Foods,245.0,265.0,Granola & Cereal Bars,3.5
39,Advanced Flaxseed - Pesticide Free Line,"Foodgrains, Oil & Masala",53.9,55.0,Other Dry Fruits,4.0
40,Ching's Secret Schezwan Chutney 600 g,Groceries,125.0,180.0,Pickles & Chutneys,3.6
41,Ultimate Paratha Puff Series,Snacks & Branded Foods,90.0,110.0,Frozen Veg Snacks,4.3
42,Ultimate Lip Butter - Rose Set,Beauty & Hygiene,169.15,199.0,Lip Care,1.5
43,Ultimate Fruit Power - Masala Sugarcane Series,Beverages,19.0,20.0,Juices,2.9
44,Expert Chocobakes Choc Filled Cookies Style,"Bakery, Cakes & Dairy",102.0,120.0,"Bakery Biscuits, Cookies",4.2
45,Pro Amber - Deodorant Body Spray Bundle,Beauty & Hygiene,211.65,249.0,Men's Deodorants,3.4
46,Max Green Tea - Tulsi Loose Leaf Bundle,Beverages,225.0,225.0,Green Tea,3.7
47,Expert Pet Solitaire Container Set - Silver Premium Pack,"Kitchen, Garden & Pets",499.0,969.0,Containers Sets,3.9
48,Max Dhania - Dal Style,"Foodgrains, Oil & Masala",98.0,120.0,Whole Spices,4.1
49,Fusion Pudina Chutney Masala Range,"Foodgrains, Oil & Masala",46.75,55.0,Blended Masalas,3.9
50,Pro Bodylicious Deodorant Spray - Mate (For Men) Bundle,Beauty & Hygiene,136.5,195.0,Men's Deodorants,4.1
51,"Advanced Sport Deo Spray - Fresh, for Men Edition",Beauty & Hygiene,112.75,205.0,Men's Deodorants,3.7
52,Max Choco Deck - Mini Delights Model,Snacks & Branded Foods,160.0,200.0,Chocolates,4.4
53,Essential Eau De Toilette - Homme Green Bundle,Beauty & Hygiene,427.5,450.0,Eau De Toilette,4.3
54,Advanced Lemon & Tea Tree Oil Soap Model,Beauty & Hygiene,360.0,360.0,Bathing Bars & Soaps,4.2
55,Pro Flavoured Cream Wafer Roll - Strawberry Premium Pack,Gourmet & World Food,275.0,275.0,"Cookies, Biscotti, Wafer",4.3
56,Pro Storage/Lunch Steel Container with PP Lid - Red Set,"Kitchen, Garden & Pets",109.0,299.0,Steel Lunch Boxes,2.6
57,Signature Plain Green Olives Premium Pack,Gourmet & World Food,179.0,179.0,"Olive, Jalapeno, Gherkin",5.0
58,Elite Quinoa - Organic Set,"Foodgrains, Oil & Masala",250.0,250.0,"Organic Rice, Other Rice",3.9
59,Elite After Shave Splash - Arctic Ice Series,Beauty & Hygiene,459.62,469.0,Shaving Care,3.9
60,Pro Colour Catcher Sheets Edition,Cleaning & Household,799.0,799.0,Imported Cleaners,4.0
61,Del Monte Ketchup 1kg,Groceries,80.0,160.0,Ketchups & Spreads,3.7
62,Wingreens Farms Premium Vey Mayo 800 g,Groceries,125.0,250.0,Ketchups & Spreads,3.91994382022471
63,Expert Sauce - Sweet & Sour Set,Gourmet & World Food,245.0,245.0,Thai & Asian Sauces,3.7
64,Fusion Super Hot and Sweet Mango Chutney Line,Snacks & Branded Foods,100.0,125.0,Chutney Powder,3.0
65,Advanced Pani Puri Mix Paste Collection,"Foodgrains, Oil & Masala",48.95,55.0,Cooking Pastes,4.1
66,Pro Peach Syrup Edition,Gourmet & World Food,850.0,850.0,Gourmet Juices & Drinks,4.2
67,Pro Acne & Oil Control Face Wash Style,Beauty & Hygiene,80.0,100.0,Face & Body,4.0
68,Lotus Spices Green Elaichi 10 g,Groceries,38.0,40.0,Masalas & Spices,3.6
69,Fusion Choco Deck - French Dessert Inspired Layered Bar Series,Snacks & Branded Foods,56.0,70.0,Chocolates,4.0
70,Expert Extra Fine Green Peas Selection,Gourmet & World Food,202.5,225.0,Beans & Pulses,4.5
71,New Generation Soothing Cucumber Facial Scrub With Apricot Seeds Edition,Beauty & Hygiene,299.4,499.0,Face Care,3.7
72,Essential Foochka Premium Pack,Snacks & Branded Foods,60.0,60.0,"Papads, Ready To Fry",3.9
73,Expert Argan-Liquid Gold Hair Spa Model,Beauty & Hygiene,199.5,210.0,Hair & Scalp Treatment,4.4
74,"Expert Baby Bed Protector - Sublimation Print, Pink Bundle",Baby Care,199.0,199.0,Baby Health,3.7
75,Essential Corporate Planner Diary With Premium PU Leather Cover With Card Holder Range,Cleaning & Household,399.0,399.0,"Notebooks, Files, Folders",3.91994382022471
76,Kellogg's Chocos Variety Pack 153 g (Pack of 7),Groceries,55.0,70.0,Breakfast Cereals,3.7
77,"Artisan Atta Chalan - Stainless Steel, Size- No.8 Selection","Kitchen, Garden & Pets",149.0,179.0,Kitchen Tools & Other Accessories,3.5
78,Expert Dog Supplement - Absolute Skin + Coat Tablet Bundle,"Kitchen, Garden & Pets",348.6,498.0,Pet Meals & Treats,4.0
79,"Fusion Peanut Butter - Creamy, Super Collection",Gourmet & World Food,209.4,349.0,"Chocolate, Peanut Spread",4.3
80,Advanced Sugar Free Petit Beurre - The Taste of France Bundle,Snacks & Branded Foods,35.0,35.0,"Marie, Health, Digestive",4.0
81,Artisan Aqua Halo Rejuvenating Conditioner Series,Beauty & Hygiene,168.75,225.0,Shampoo & Conditioner,1.0
82,Advanced Ayurvedic Anti-Tan Face Pack Style,Beauty & Hygiene,269.4,449.0,Face Care,3.91994382022471
83,"Kellogg's Fruit, Nut & Seeds Muesli 750 g",Groceries,336.0,499.0,Breakfast Cereals,3.7
84,Mohan Impex Cocoa Powder 500 gm [HoReCa Pack],Groceries,440.0,649.0,Baking ,3.6
85,Good Life Chilli Powder 100g,Groceries,25.0,50.0,Masalas & Spices,3.6
86,Pro Dog Supplement - Absolute Calcium Tablet Style,"Kitchen, Garden & Pets",339.15,399.0,Pet Meals & Treats,3.9
87,Essential Battery Power Kids Toothbrush - Barbie Model,Beauty & Hygiene,374.25,499.0,Electric Toothbrush,4.0
88,Advanced Organic Carom Seeds/Ajwain/Om Kalu Series,"Foodgrains, Oil & Masala",72.0,72.0,Whole Spices,3.91994382022471
89,"Pro Padded Harness - 3/4 inch, Grey Colour Line","Kitchen, Garden & Pets",840.0,840.0,Pet Collars & Leashes,3.91994382022471
90,"Fusion Kids Motu Patlu Toothpaste - 2-5 Years, Bubble Fruit Flavour Collection",Beauty & Hygiene,43.0,43.0,Toothpaste,4.0
91,Ultimate Pure & Gentle Face Wash Series,Beauty & Hygiene,120.0,150.0,Face Care,4.3
92,Advanced Sesame Seed Oil Collection,Beauty & Hygiene,210.0,300.0,Aromatherapy,3.5
93,Advanced Til Dil Seeds Selection,Gourmet & World Food,70.0,70.0,Roasted Seeds & Nuts,3.6
94,"Pro Penta Plastic Pet Water Bottle - Green, Wide Mouth Premium Pack","Kitchen, Garden & Pets",75.0,126.0,Water & Fridge Bottles,3.91994382022471
95,Essential Acne Pimple Kit For Acne & Pimple Removal Collection,Beauty & Hygiene,500.0,500.0,Face Care,3.0
96,"Expert Disposable Bamboo Wood Skewer/Picker Sticks- For Barbeque, 12 Inch Set","Kitchen, Garden & Pets",135.0,299.0,Kitchen Tools & Other Accessories,4.3
97,Fusion & Moms Bathing Soap - Jasmine Collection,Beauty & Hygiene,108.0,120.0,Bathing Bars & Soaps,4.6
98,Aashirvaad Select Sharbatti Wheat Atta 5 kg,Groceries,299.0,361.0,Flours & Pre-Mixes,3.7
99,Elite Amla Chatpata Dry Fruit Collection,Gourmet & World Food,49.0,65.0,Dry Fruits & Berries,3.91994382022471
100,"Advanced Toothbrush Superhero Assorted, Batman/Spiderman Collection",Beauty & Hygiene,49.0,79.0,Toothbrush,3.9
101,Ultimate Chips - Topica Set,Snacks & Branded Foods,65.0,65.0,Chips & Corn Snacks,3.9
102,Pro Cup a Soup - Croutons Cream of Asparagus Selection,Gourmet & World Food,269.1,299.0,Imported Soups,3.91994382022471
103,India Gate Regular Choice Basmati Rice 5 kg,Groceries,429.0,515.0,Rice,3.6
104,Britannia Toastea Premium Bake Rusk 182 g,Groceries,30.0,35.0,Snacks,3.6
105,Fusion Organic Dal - Masoor Collection,"Foodgrains, Oil & Masala",96.0,96.0,Organic Dals & Pulses,3.9
106,Max Strawberry Ice Cream Line,Gourmet & World Food,225.0,225.0,Gourmet Ice Cream,3.91994382022471
107,Advanced Exo Dishwash Bar- Round 700 gm Box + Pril Dishwash Liquid- Active 2X Lime 225 ml Model,Cleaning & Household,95.0,114.0,Dishwash Bars & Powders,3.91994382022471
108,Advanced Jupiter Water/Juice Glass Tumbler Premium Pack,"Kitchen, Garden & Pets",479.0,629.0,Glassware,3.91994382022471
109,"Ultimate Cheese - Feta Greek, Block Edition",Gourmet & World Food,695.7,773.0,International Cheese,3.91994382022471
110,Advanced Avida 3-in-1 Semi Economy Pouch -  FG01248 Edition,Cleaning & Household,31.5,35.0,"Agarbatti, Incense Sticks",4.6
111,Essential Bathing Soap - Sandal & Turmeric Selection,Beauty & Hygiene,254.15,299.0,Bathing Bars & Soaps,4.2
112,New Generation Sweet Corn Kernels - Chipotle Collection,Fruits & Vegetables,55.0,55.0,Cut & Peeled Veggies,3.91994382022471
113,Brooke Bond Taj Mahal Tea 500g,Groceries,394.0,470.0,Tea & Coffee,3.7
114,Tata Gold Tea 250g,Groceries,148.0,160.0,Tea & Coffee,3.7
115,Signature Ashwagandha Tablets Set,Beauty & Hygiene,120.0,120.0,Ayurveda,3.91994382022471
116,Ultimate Hard Anodised Ezee-Pour Saucepan With Lid - L88 Model,"Kitchen, Garden & Pets",864.5,910.0,Tawa & Sauce Pan,4.6
117,Artisan Topp Up Milk - Elaichi Range,"Bakery, Cakes & Dairy",80.01,90.0,"Flavoured, Soya Milk",5.0
118,Pro Namkeen - Madras Mixture Selection,Snacks & Branded Foods,10.0,10.0,Namkeen & Savoury Snacks,4.1
119,"Signature Stainless Steel Storage Lunch Container - Flat, Carry Snack Pack Premium Pack","Kitchen, Garden & Pets",129.0,249.0,Steel Storage Containers,1.5
120,Pro Oceans Deodorant for Men - Long Lasting & Fresh Aquatic Fragrance Collection,Beauty & Hygiene,179.4,299.0,Men's Deodorants,4.0
121,Ultimate Hair Remover Spray - Foam Lemon Style,Beauty & Hygiene,1200.0,1200.0,Hair Removal,3.91994382022471
122,Lotte Choco Pie 28 g (12 pcs),Groceries,105.0,170.0,Chocolates & Candies,3.7
123,Pro Mr. Magic Powder-To-Liquid Germ Protection Handwash Empty Bottle + Refill Premium Pack,Beauty & Hygiene,32.55,35.0,Hand Wash & Sanitizers,4.4
124,Max Frankincense Oil Edition,Beauty & Hygiene,258.75,345.0,Aromatherapy,3.7
125,"Artisan Wonder Diaper Pants - Xtra Large, 12-17 Kg Bundle",Baby Care,1266.38,1398.0,Diapers,4.0
126,Essential Samrakshana Vaastu Deepa Thailam Premium Pack,"Foodgrains, Oil & Masala",515.0,515.0,Other Edible Oils,3.91994382022471
127,Pro Quinoa - Organic Black Collection,Gourmet & World Food,495.0,495.0,Quinoa & Grains,3.91994382022471
128,Cadbury Celebrations 144.1 g,Groceries,108.0,145.0,Chocolates & Candies,3.6
129,Artisan Fructis Serum - Long & Strong Collection,Beauty & Hygiene,230.0,230.0,Shampoo & Conditioner,4.8
130,Ultimate Citrus Blast Orange Lemon Soap Free Body Wash Style,Beauty & Hygiene,225.0,250.0,Shower Gel & Body Wash,3.7
131,Max Veda Marie Light Biscuits Range,Snacks & Branded Foods,30.0,30.0,"Marie, Health, Digestive",4.4
132,"Advanced 2 Fold Umbrella - Auto-Open & Manual Close, Dark Violet Collection","Kitchen, Garden & Pets",289.0,749.0,Umbrella,3.6
133,Ultimate Aamras Mango Fruit Juice Model,Beverages,243.0,360.0,Juices,3.91994382022471
134,Essential Henna & Ginseng Anti Hair Loss Shampoo Set,Beauty & Hygiene,137.75,145.0,Shampoo & Conditioner,3.6
135,"Ultimate Sandwich Toaster - Non-Stick, Gas Line","Kitchen, Garden & Pets",249.0,315.0,Kadai & Fry Pans,3.3
136,"Advanced Baby Cereal - Ragi Almond & Banana, 6-8 Months, No Preservatives, No Artificial Colours Range",Baby Care,349.0,349.0,Baby Food,4.0
137,Fusion Incense Sticks - Sandal Bundle,Cleaning & Household,60.0,60.0,"Agarbatti, Incense Sticks",4.6
138,Elite SPF 15 Sunscreen Lotion Collection,Beauty & Hygiene,209.3,299.0,Body Care,5.0
139,Pro Fenugreek Edition,"Foodgrains, Oil & Masala",28.5,30.0,Organic Masalas & Spices,4.2
140,New Generation Caramel Popcorn - Himalayan Salt Collection,Gourmet & World Food,44.1,49.0,Gourmet Popcorn,3.91994382022471
141,Essential Cold Pressed Bhringraj Cooling Oil For Hair Fall & Damage Control Bundle,Beauty & Hygiene,182.75,215.0,Aromatherapy,4.0
142,Advanced Sapota - Organically Grown Set,Fruits & Vegetables,35.0,43.75,Organic Fruits,3.91994382022471
143,Fusion Spiced Tea - Blend Of 7 Refreshing Spices Set,Beverages,150.0,150.0,Leaf & Dust Tea,4.3
144,"Pro Steel Bowl/Vati/Katori - No. 4, Chutney Style","Kitchen, Garden & Pets",69.0,159.0,Bowls & Vessels,3.91994382022471
145,"Pro Adult Dry Cat Food - +1 Year, Ocean Fish Edition","Kitchen, Garden & Pets",999.0,999.0,Pet Meals & Treats,3.91994382022471
146,Expert Millet Rusk - Sweet Line,"Bakery, Cakes & Dairy",100.0,100.0,Rusks,4.5
147,"New Generation Stainless Steel Kadai - Induction Bottom With Glass Lid,  26 cm Range","Kitchen, Garden & Pets",1099.0,1335.0,Kadai & Fry Pans,3.8
148,"Artisan Power Pocket - Long Lasting Bathroom Fragrance, Berry Rush Line",Cleaning & Household,53.35,55.0,Air Freshener,4.2
149,Ultimate Cabbage - Red Model,Fruits & Vegetables,23.0,28.75,Cabbage & Cauliflower,3.91994382022471
150,Artisan Marvel Spiderman 2-In-1 Snackeez Bottle With Snack Box Line,"Kitchen, Garden & Pets",269.0,299.0,Lunch Boxes,3.0
151,Signature Refined Oil - Rice Bran (Natural Oryzanol & Vitamin E) Premium Pack,"Foodgrains, Oil & Masala",183.0,185.0,"Sunflower, Rice Bran Oil",4.1
152,Elite Premium Square Plastic Container - Green Edition,"Kitchen, Garden & Pets",179.0,280.0,Containers Sets,3.9
153,Ultimate Instant Popcorn - Butter Delite Set,Snacks & Branded Foods,29.7,33.0,Chips & Corn Snacks,4.2
154,Pro Cherry Lip Balm 4.5 g + Deep Nourish Elbow & Foot Cream 50 g Collection,Beauty & Hygiene,455.0,525.0,Lip Care,3.91994382022471
155,Advanced Nutrition Plus Health Supplement - Joint Support Model,Beauty & Hygiene,1299.0,1299.0,Supplements & Proteins,3.91994382022471
156,Expert Glass Belleza Bowl - Wine Selection,"Kitchen, Garden & Pets",299.0,398.0,Glassware,3.91994382022471
157,Ultimate Dark Fantasy - Choco Fills Biscuits - Cookies Range,Snacks & Branded Foods,23.76,30.0,Cream Biscuits & Wafers,4.3
158,Fusion Banana - Red Set,Fruits & Vegetables,39.0,48.75,"Banana, Sapota & Papaya",3.91994382022471
159,"Artisan ChilliÂ - Bajji, Mild Premium Pack",Fruits & Vegetables,14.0,17.5,"Lemon, Ginger & Garlic",3.91994382022471
160,Signature I Love You Fruit N Nut Chocolate Range,Snacks & Branded Foods,90.0,100.0,Chocolates,4.2
161,Pro Pitted Green Olives Premium Pack,Gourmet & World Food,230.0,230.0,"Olive, Jalapeno, Gherkin",4.4
162,Artisan Glass Mixing Bowl With Lid - Polo Bundle,"Kitchen, Garden & Pets",159.0,190.0,Glassware,3.7
163,Max Cake Gel Edition,Gourmet & World Food,85.5,90.0,"Baking, Cake Decorations",3.91994382022471
164,Max Toffees - Excellence Assorted Series,Gourmet & World Food,250.0,250.0,International Chocolates,3.91994382022471
165,Pro Organic Idly Podi - Ginger Series,Snacks & Branded Foods,75.0,75.0,Breakfast & Snack Mixes,3.9
166,Artisan Glass Water Bottle - Aquaria Organic Purple Edition,"Kitchen, Garden & Pets",369.0,425.0,Water & Fridge Bottles,4.8
167,Expert Stainless Steel Pav Bhaji/Idli Oval Shaped Plate Series,"Kitchen, Garden & Pets",125.0,125.0,Plates & Tumblers,3.6
168,Max Organic Cow Ghee/Tuppa Collection,"Foodgrains, Oil & Masala",280.0,280.0,"Organic Edible Oil, Ghee",4.2
169,Signature Dates/Kharjura - Deseeded Selection,"Foodgrains, Oil & Masala",66.0,66.0,Other Dry Fruits,4.1
170,Advanced Chutney - Sweet Mango Sliced (without Garlic) Series,Snacks & Branded Foods,90.0,90.0,Lime & Mango Pickle,3.9
171,Advanced Turmeric Powder/Arisina Pudi Collection,"Foodgrains, Oil & Masala",32.0,64.0,Powdered Spices,4.2
172,Pro Bread - Fruit Model,"Bakery, Cakes & Dairy",20.0,20.0,"Milk, White & Sandwich",3.91994382022471
173,Ultimate Bombay Street Food Spice Blend Selection,Gourmet & World Food,225.0,225.0,"Curry Paste, Coconut Milk",3.91994382022471
174,Signature Ragi Flakes Premium Pack,Snacks & Branded Foods,225.0,225.0,Flakes,4.5
175,Fusion Mustard Oil - Cold Pressed Style,Gourmet & World Food,250.0,250.0,Flavoured & Other Oils,3.7
176,Artisan Juice/Water Glass - Long Drink Nord Model,"Kitchen, Garden & Pets",639.0,975.0,Glassware,3.3
177,New Generation Glass Amaze Air Tight Jar - Pink Model,"Kitchen, Garden & Pets",289.0,358.0,Glassware,3.91994382022471
178,"New Generation Finger Brush For Kids - Blue, Ultra Soft Collection",Beauty & Hygiene,120.0,120.0,Toothbrush,4.3
179,Elite Water/Juice Glass  - Jupiter Long Glass Series,"Kitchen, Garden & Pets",459.0,705.0,Glassware,3.5
180,Ultimate Energy Bar - Choco Crunch Bundle,Gourmet & World Food,50.0,50.0,"Healthy, Baked Snacks",3.91994382022471
181,Pro Breeze - Razor Blades Range,Beauty & Hygiene,350.0,350.0,Hair Removal,4.3
182,"Fusion Confeito Vermicelli Combo, Sprinkles Edition",Gourmet & World Food,247.0,260.0,"Baking, Cake Decorations",3.91994382022471
183,Signature Olive Oil - Classic Selection,Gourmet & World Food,429.03,700.0,"Pure, Pomace Olive Oil",4.5
184,"Fusion Octa Plastic Pet Water Bottle - Light Blue, Narrow Mouth Range","Kitchen, Garden & Pets",25.0,42.0,Water & Fridge Bottles,3.91994382022471
185,New Generation Chia Seeds Style,Gourmet & World Food,185.0,185.0,Quinoa & Grains,3.91994382022471
186,Max Skin Cream Selection,Beauty & Hygiene,112.5,150.0,Face Care,3.1
187,Artisan One Touch Air Purifier Freshener - Floral Bouquet Refill Collection,Cleaning & Household,77.0,77.0,Air Freshener,4.2
188,Pro Water/Juice Glass Collection,"Kitchen, Garden & Pets",189.0,220.0,Glassware,3.7
189,Pro Color Naturals Creme Riche Ultra Hair Color - Raspberry Red Model,Beauty & Hygiene,199.0,199.0,Hair Color,4.1
190,Essential Nomarks - Antimarks Soap For Oily Skin Line,Beauty & Hygiene,40.0,40.0,Bathing Bars & Soaps,4.3
191,"Fusion Silver Needles Tulsi White Tea Bags - Rich In Antioxidants, Pure Tea Buds Series",Gourmet & World Food,450.0,450.0,Gourmet Tea & Tea Bags,3.91994382022471
192,Advanced Baby Napkins - Mini Terry Style,Baby Care,179.0,179.0,Bibs & Napkins,4.3
193,"Expert Printed Fabric Pencil Pouch - Purple, BB1263DPPL Style",Cleaning & Household,232.0,399.0,Exam Pads & Pencil Box,4.0
194,Essential Snacks - Roasted Mixture Lime Line,Gourmet & World Food,79.0,109.0,"Healthy, Baked Snacks",3.91994382022471
195,Essential Organic Dosa Mix - Jowar Model,Snacks & Branded Foods,80.0,80.0,Breakfast & Snack Mixes,3.7
196,Signature Lunch Box/Tiffin Set - Green BB 570 2 Range,"Kitchen, Garden & Pets",509.0,565.0,Lunch Boxes,3.6
197,Expert BCAA Energy Drink - Berry Flavour Line,Beverages,110.0,110.0,Sports & Energy Drinks,4.0
198,Expert Coffee Energizing Face Scrub Line,Beauty & Hygiene,142.5,190.0,Face Care,3.0
199,Max Pain Relief - Oil Bundle,Beauty & Hygiene,90.0,100.0,Hair Oil & Serum,4.4
200,Advanced Ultra Soft New Born Diapers - Extra Small Premium Pack,Baby Care,699.0,999.0,Diapers,3.9
201,Signature Jungle Stimulating Facial Cleanser Style,Beauty & Hygiene,799.0,799.0,Face Care,3.91994382022471
202,Signature Ylang Ylang Essential Oil Range,Beauty & Hygiene,328.0,450.0,Aromatherapy,4.5
203,Pro Clear Glycerine Soap - Natural Toning (Tea Tree Oil & Honey) Bundle,Beauty & Hygiene,40.0,40.0,Bathing Bars & Soaps,4.3
204,Fusion Soap Model,Beauty & Hygiene,430.0,430.0,Bathing Bars & Soaps,5.0
205,Advanced Yellow Balm Line,Beauty & Hygiene,195.0,195.0,Everyday Medicine,3.91994382022471
206,"Ultimate LED Bulb - 12 Watt, Cool Daylight, B22 Base Edition","Kitchen, Garden & Pets",159.0,260.0,CFL & Led Bulbs,4.0
207,Expert Coriander Leaves 100 g + Garlic 250 g + Ginger 250 g + Chilli Green Long 250 g Premium Pack,Fruits & Vegetables,81.06,109.38,Indian & Exotic Herbs,3.91994382022471
208,Artisan Jaggery/Bella Powder - Pesticide Free Selection,"Foodgrains, Oil & Masala",56.0,70.0,Sugar & Jaggery,3.9
209,New Generation Ready Masala - Kashmiri Meat Range,"Foodgrains, Oil & Masala",19.0,20.0,Blended Masalas,4.2
210,"Fusion Water Saving Aerator, Switch Line",Cleaning & Household,509.0,509.0,"Kitchen, Glass & Drain",3.91994382022471
211,Artisan Lemongrass Anti-Pigmentation Massage Cream Set,Beauty & Hygiene,148.5,165.0,Face Care,3.91994382022471
212,Signature Breakfast Mix - Finger Millet Ragi Idli Selection,Snacks & Branded Foods,119.0,149.0,Breakfast & Snack Mixes,4.2
213,Expert Herbal Wine Grapefruit Lip Balm Selection,Beauty & Hygiene,99.0,99.0,Lip Care,4.4
214,Artisan Masala Upma Bundle,Snacks & Branded Foods,20.0,20.0,Heat & Eat Ready Meals,3.4
215,Signature Maharishi Ayurveda Ayush Kwath Collection,Beauty & Hygiene,165.0,165.0,Ayurveda,3.91994382022471
216,New Generation Svachh Nakshtra Steel Inner Lid Pressure Cooker (20257) Edition,"Kitchen, Garden & Pets",2369.0,2780.0,Pressure Cookers,3.91994382022471
217,Ultimate Chicken Liver Gourmet Loaf With Pumpkin - Super Food Set,"Kitchen, Garden & Pets",150.0,150.0,Pet Meals & Treats,3.91994382022471
218,Essential Bath & Body Oil - Oriental Spicy Rose Range,Beauty & Hygiene,699.0,699.0,Aromatherapy,2.0
219,"Elite Specialist Skin Care Oil - Scars, Stretch Mark, Ageing, Uneven Skin Tone Selection",Beauty & Hygiene,333.0,450.0,Body Care,4.2
220,Ultimate Brioche Edition,"Bakery, Cakes & Dairy",155.0,155.0,Gourmet Bread,4.4
221,New Generation Onion - Rings Line,Gourmet & World Food,75.0,75.0,"Healthy, Baked Snacks",3.91994382022471
222,Artisan Cotton Mop With Telescopic Handle 150 Cm Premium Pack,Cleaning & Household,558.0,620.0,"Mops, Wipers",3.91994382022471
223,Max Kale Selection,Fruits & Vegetables,10.0,12.5,Organic Vegetables,3.91994382022471
224,"Artisan Notebook - Unruled, Long Model",Cleaning & Household,33.0,33.0,"Notebooks, Files, Folders",4.3
225,Pro Instant Noodles - Soy & Vinegar Range,Gourmet & World Food,67.5,75.0,Imported Noodles,3.6
226,Expert Gluten-Free Quinoa Flour Style,Gourmet & World Food,378.0,378.0,Flours & Pre-Mixes,3.7
227,"Essential Chikki, Peanut Bar Bundle",Snacks & Branded Foods,40.0,40.0,Chikki & Gajjak,4.1
228,Max 1001 Nights Concentrated Oriental Perfume Free From Alcohol For Unisex Set,Beauty & Hygiene,4900.0,5000.0,Attar,3.91994382022471
229,Fusion Man - Indigo Body Mist Bundle,Beauty & Hygiene,278.4,348.0,Body Sprays & Mists,3.91994382022471
230,Ultimate Fields Of Gold Organic Cumin - Whole Style,"Foodgrains, Oil & Masala",52.0,52.0,Organic Masalas & Spices,4.4
231,Advanced Body Massage Oil - Energising Premium Pack,Beauty & Hygiene,697.5,775.0,Aromatherapy,3.91994382022471
232,Advanced Synthetic Food Colour Preparation Lemon Yellow Edition,Snacks & Branded Foods,20.0,20.0,Home Baking,4.0
233,"Elite Toothpaste - Gum Care, Expert Protection Selection",Beauty & Hygiene,78.4,98.0,Toothpaste,4.3
234,New Generation Bio Myristica Spot Correcting Anti Acne Face Pack Style,Beauty & Hygiene,149.25,199.0,Face Care,3.9
235,"Expert Stainless Steel Frying Ladle - No. 9, Silvera Collection","Kitchen, Garden & Pets",65.0,82.0,"Strainer, Ladle, Spatula",3.7
236,Artisan OvenOrg Multi Millet Rusk Set,"Bakery, Cakes & Dairy",35.0,35.0,Rusks,1.8
237,Pro Mahabhringraj Tel - Hairfall Reduction & Dandruff Control Premium Pack,Beauty & Hygiene,295.0,295.0,Ayurveda,3.91994382022471
238,Signature Masterchefs Germ Protection Liquid Handwash Refill Collection,Beauty & Hygiene,147.0,147.0,Hand Wash & Sanitizers,4.2
239,Fusion Black Naturals Hair Colour Shade 1-Deep Black 20 ml + 20 gm Set,Beauty & Hygiene,108.78,117.0,Hair Color,4.2
240,Advanced Apple Cider Vinegar - Raw Unfiltered Unpasteurized with Cinamon & Honey Line,Gourmet & World Food,449.1,499.0,Balsamic & Cider Vinegar,5.0
241,"Pro Brinjal - Varikatri, Organically Grown Range",Fruits & Vegetables,10.0,12.5,Organic Vegetables,3.91994382022471
242,Pro Wonderz Milk Shakes - Classic Vanilla Style,"Bakery, Cakes & Dairy",29.75,35.0,"Flavoured, Soya Milk",4.5
243,Max Marie Light Biscuits - Oats Fibre Line,Snacks & Branded Foods,25.0,25.0,"Marie, Health, Digestive",4.3
244,Pro Masala - Chicken Range,"Foodgrains, Oil & Masala",28.0,28.0,Blended Masalas,4.8
245,Ultimate Dark Chocolate- 55% Rich In Cocoa Line,Snacks & Branded Foods,87.12,100.0,Chocolates,4.3
246,Fusion Gentle Baby Wipes Range,Baby Care,699.0,699.0,Baby Wipes,4.1
247,Ultimate Avocado Style,Fruits & Vegetables,105.0,131.25,Exotic Fruits,3.91994382022471
248,New Generation Plastic Dustbin - Beige Series,Cleaning & Household,249.0,449.0,Dustbins,4.1
249,"New Generation Pineapple - Chunks, Single Serve Style",Fruits & Vegetables,19.0,23.75,"Cut Fruit, Tender Coconut",3.91994382022471
250,Max Jeera Powder Premium Pack,"Foodgrains, Oil & Masala",44.2,52.0,Powdered Spices,4.1
251,Expert Pure Neem Skin Purifying Face Wash Line,Beauty & Hygiene,90.0,120.0,Face Care,4.3
252,Signature Lemon - Organically Grown Selection,Fruits & Vegetables,33.6,42.0,Organic Vegetables,3.91994382022471
253,Signature Lavender & Vanilla Handmade Luxury Soap Collection,Beauty & Hygiene,275.0,275.0,Bathing Bars & Soaps,5.0
254,"Advanced Stainless Steel Pressure Cooker - Steeltuff, Induction Base, Silver Set","Kitchen, Garden & Pets",2059.0,2424.0,Pressure Cookers,3.0
255,"Pro Steel Deep Dabba/Storage Container - No. 12, Plain Range","Kitchen, Garden & Pets",249.0,339.0,Steel Storage Containers,3.91994382022471
256,Expert Chyawan Fit Sugarfree Chyawanprash - Natural Immunity Booster Series,Beauty & Hygiene,225.0,225.0,Supplements & Proteins,5.0
257,Artisan Morning Dew Perfumed Talc 250 g + English Lavender Perfumed Talc 250 g Range,Beauty & Hygiene,329.8,400.0,Talcum Powder,3.91994382022471
258,"Elite Energy Bars - Nutty, 4+ Years, 100% Natural & Healthy Line",Snacks & Branded Foods,140.0,140.0,Chocolates,3.6
259,Pro Banana Stem - Diced Line,Fruits & Vegetables,32.0,40.0,Cut & Peeled Veggies,3.91994382022471
260,Fusion Chilli Flakes Premium Pack,Gourmet & World Food,99.0,99.0,"Herbs, Seasonings & Rubs",4.3
261,Essential Bite & Sip Flask And Lunch Box/Tiffin Box - Green Colour Collection,"Kitchen, Garden & Pets",319.0,495.0,Lunch Boxes,3.5
262,Elite Namkeen - Khara Boondi Selection,Snacks & Branded Foods,49.0,85.0,Namkeen & Savoury Snacks,4.0
263,Fusion Raw Seeds - Sunflower Pumpkin Flax Seeds Selection,Gourmet & World Food,166.0,175.0,Roasted Seeds & Nuts,4.4
264,"Elite Garnet LED White Bulb - 14 Watt, Cool Day, B22 Style","Kitchen, Garden & Pets",199.0,320.0,CFL & Led Bulbs,3.5
265,Essential Tempeh Cubes - Simply Sriracha Soyabean Style,"Bakery, Cakes & Dairy",135.0,150.0,"Paneer, Tofu & Cream",5.0
266,Advanced Green Tea Gentle Detox Set Edition,Beauty & Hygiene,972.0,972.0,Body Care,3.91994382022471
267,Fusion Fresh Catch Fish Fingers Edition,"Eggs, Meat & Fish",240.0,240.0,Frozen Fish & Seafood,3.91994382022471
268,Elite Sour Cream & Onion Collection,Gourmet & World Food,95.0,95.0,Nachos & Chips,2.8
269,Fusion Xylitol Powder Bundle,Gourmet & World Food,350.0,350.0,Exotic Sugar & Salt,5.0
270,Expert Glass Amaze Air Tight Jar - Pink Premium Pack,"Kitchen, Garden & Pets",289.0,358.0,Glassware,3.91994382022471
271,Fusion Sixer Biscuits - Salted Premium Pack,Snacks & Branded Foods,60.0,60.0,Salted Biscuits,4.2
272,"Artisan Gokshuradi Guggulu - Urinary Disorders, 500mg Series",Beauty & Hygiene,80.0,80.0,Ayurveda,3.91994382022471
273,Fusion Peach Shine Lip Care Set,Beauty & Hygiene,112.5,150.0,Lip Care,4.0
274,Ultimate Skincare Hand Wash Refill Collection,Beauty & Hygiene,218.0,218.0,Hand Wash & Sanitizers,4.3
275,Advanced 4mm Aluminium Induction Base Chapati Roti Tawa - Silver Edition,"Kitchen, Garden & Pets",649.0,1289.0,Tawa & Sauce Pan,3.91994382022471
276,Pro Mix - Rava Idli Model,Snacks & Branded Foods,110.0,110.0,Breakfast & Snack Mixes,4.1
277,Ultimate Impress Concentrated Perfume Free From Alcohol For Male Premium Pack,Beauty & Hygiene,300.0,500.0,Attar,3.91994382022471
278,Pro Skin Awakening Rinse Edition,Beauty & Hygiene,432.0,480.0,Face Care,5.0
279,Pro Pacific Steel Insulated Vacuum Flask Line,"Kitchen, Garden & Pets",609.0,999.0,Vacuum Flask,3.91994382022471
280,Elite Regenerist - Advanced Anti-Ageing Revitalising Hydration Skin Cream Moisturizer SPF 15 Selection,Beauty & Hygiene,1049.25,1399.0,Face Care,4.1
281,Fusion Cotton Swabs Range,Beauty & Hygiene,39.0,69.0,Cotton & Ear Buds,3.91994382022471
282,"Advanced Tropical Fruit Pudding - Lychee, Mango, Strawberry Flavoured Bundle",Gourmet & World Food,63.75,75.0,"Marshmallow, Candy, Jelly",4.0
283,Ultimate Pippali Fruit Powder - Supports Healthy Digestive & Immune System Set,Beauty & Hygiene,595.0,595.0,Ayurveda,3.91994382022471
284,New Generation Salt & Peeper Shaker Masala Dabbi With Window Bundle,"Kitchen, Garden & Pets",89.0,125.0,Kitchen Tools & Other Accessories,3.2
285,Signature Organic - Triphala Powder Collection,"Foodgrains, Oil & Masala",94.05,99.0,Organic Masalas & Spices,4.2
286,Elite Aeda Glycerine Bathing Bar - Natural Green Set,Beauty & Hygiene,35.0,35.0,Bathing Bars & Soaps,4.7
287,Advanced Chicken Cocktail Sausage Set,"Eggs, Meat & Fish",171.6,220.0,Chicken Sausages,3.91994382022471
288,Artisan Sun Expert Fairnes Sunscren Lotion SPF 30 PA++ Bundle,Beauty & Hygiene,385.0,385.0,Body Care,4.5
289,Signature Cotton Pads Collection,Beauty & Hygiene,80.0,80.0,Cotton & Ear Buds,4.4
290,Artisan Ashwagandha Powder Series,Gourmet & World Food,400.0,400.0,Health Drinks,2.5
291,New Generation Frozen - Mixed Vegetables Model,Snacks & Branded Foods,93.5,110.0,Frozen Vegetables,4.1
292,Elite Masala - Kitchen Edition,"Foodgrains, Oil & Masala",29.7,33.0,Blended Masalas,5.0
293,Ultimate Mustard/Sasive/Rai - Big Series,"Foodgrains, Oil & Masala",30.0,50.0,Whole Spices,4.2
294,Artisan Ayurvedic Soap Edition,Beauty & Hygiene,230.4,288.0,Bathing Bars & Soaps,4.4
295,"Advanced Glass Matt Finish Bottle With Plastic Cap - Blue, BB1324 Model","Kitchen, Garden & Pets",169.0,309.0,Water & Fridge Bottles,3.91994382022471
296,Artisan Perfume - Youth Dew EDP Spray Set,Beauty & Hygiene,3500.0,3500.0,Eau De Parfum,3.91994382022471
297,Elite Cotton Swabs Set,Beauty & Hygiene,109.0,109.0,Cotton & Ear Buds,4.0
298,Expert Organic Idly - Oats Line,Snacks & Branded Foods,125.0,125.0,Breakfast & Snack Mixes,3.91994382022471
299,Essential Red Curry Selection,Gourmet & World Food,270.0,270.0,"Curry Paste, Coconut Milk",4.4
300,Max Hareli Kitchen Jar Series,"Kitchen, Garden & Pets",409.0,502.0,Glassware,3.91994382022471
301,Fusion Heavy Starch - Lemon Fresh Scent Edition,Cleaning & Household,285.0,285.0,Imported Cleaners,4.5
302,New Generation United Dreams Go Far Eau De Toilette Range,Beauty & Hygiene,1330.0,1900.0,Eau De Toilette,5.0
303,Advanced Ayurvedic Jamun Powder Collection,Beauty & Hygiene,60.0,60.0,Ayurveda,3.91994382022471
304,Max So Soft 2 Ply Face Tissue Box Series,Cleaning & Household,140.0,140.0,"Paper Napkin, Tissue Box",4.1
305,"Ultimate Pomegranate - Single Serve, Peeled Series",Fruits & Vegetables,34.0,42.5,"Cut Fruit, Tender Coconut",3.91994382022471
306,Max Stevia Spoonable - Powder Line,Gourmet & World Food,320.0,320.0,Exotic Sugar & Salt,3.9
307,Essential Ylang Ylang Essential Oil Selection,Beauty & Hygiene,351.0,390.0,Aromatherapy,3.0
308,Fusion Toor/Arhar Dal Line,"Foodgrains, Oil & Masala",128.0,160.0,"Toor, Channa & Moong Dal",3.91994382022471
309,Fusion Peristaltic Nipple - 'S' Hole Model,Baby Care,99.0,99.0,Sippers & Bottles,3.91994382022471
310,Artisan Fragrance Body Spray - Cool Blue Bundle,Beauty & Hygiene,159.5,290.0,Men's Deodorants,3.5
311,New Generation Vitamin C Brightening Peel Off Mask Collection,Beauty & Hygiene,499.0,499.0,Face Care,3.91994382022471
312,Pro Almond & Rose Soap Value Pack Style,Beauty & Hygiene,131.2,160.0,Bathing Bars & Soaps,4.3
313,Signature Yippee Noodles - Magic Masala Range,Snacks & Branded Foods,61.2,68.0,Instant Noodles,4.3
314,Pro Fields Of Gold Organic Foxtail Millet Edition,"Foodgrains, Oil & Masala",90.0,90.0,Cereals & Millets,4.5
315,Artisan Arrabbiata Tomato Pasta Sauce With Chilli Collection,Gourmet & World Food,325.0,325.0,Mustard & Cheese Sauces,5.0
316,"Pro Wood - Centre Filled Bar Infused With Dark Mousse, Cinnamon & Coffee Edition",Snacks & Branded Foods,350.0,350.0,Chocolates,4.5
317,Pro Basil Seed Drink - Orange Edition,Gourmet & World Food,84.15,99.0,Gourmet Juices & Drinks,3.91994382022471
318,Essential Solution Anti Blackhead/Whitehead Masksheet (Pack of 10) Model,Beauty & Hygiene,900.0,1500.0,Face Care,3.91994382022471
319,Ultimate Acno Fight Pimple Clearing Gel Edition,Beauty & Hygiene,104.3,149.0,Face & Body,3.3
320,Essential Pork Classic Salami Bundle,"Eggs, Meat & Fish",191.25,225.0,Pork & Ham,3.91994382022471
321,Elite Gold Flash - Mosquito Repellent Combo Machine & Refill Series,Cleaning & Household,226.16,257.0,Mosquito Repellent,4.3
322,Advanced Stainless Steel Airtight Storage Container - SL-1401 Premium Pack,"Kitchen, Garden & Pets",209.0,269.0,Steel Storage Containers,3.7
323,Elite Organic Idly Podi - Ginger Selection,Snacks & Branded Foods,75.0,75.0,Breakfast & Snack Mixes,3.9
324,Elite Whisky Cocktail Mixers - 100% Natural Set,Gourmet & World Food,1200.0,1200.0,Gourmet Juices & Drinks,3.91994382022471
325,Expert Family Sunscreen Lotion SPF 25 Collection,Beauty & Hygiene,273.0,420.0,Face Care,1.0
326,Fusion Japanese Cooking Rice-Wine Series,Gourmet & World Food,475.0,500.0,Flavoured & Other Oils,1.0
327,Ultimate Coated Green Peas - Wasabi Range,Gourmet & World Food,93.5,110.0,Roasted Seeds & Nuts,4.1
328,Fusion Charminar Basmati Rice/Basmati Akki - Select Range,"Foodgrains, Oil & Masala",399.0,569.0,Basmati Rice,3.9
329,Max Hide & Seek Choco Rolls Line,Snacks & Branded Foods,37.5,50.0,Cream Biscuits & Wafers,4.3
330,"New Generation Hair Fall Control Kit - Oil, Shampoo & Serum Edition",Beauty & Hygiene,630.0,1050.0,Shampoo & Conditioner,5.0
331,"Artisan Anti-Acne Face Cleanser - With Salyclic Acid, For Oily Skin Premium Pack",Beauty & Hygiene,236.0,295.0,Face & Body,3.0
332,Artisan Gluten-Free Moong Dal Cheela/Dosa Mix Bundle,Gourmet & World Food,259.0,259.0,Flours & Pre-Mixes,4.2
333,Ultimate Milk Boiler - Aluminium Bundle,"Kitchen, Garden & Pets",549.0,732.0,Cook And Serve,2.5
334,"Signature Green Tea - Pure, Bio-Degradable Selection",Gourmet & World Food,297.0,297.0,Gourmet Tea & Tea Bags,3.91994382022471
335,Advanced Cube Storage Glass Jar Premium Pack,"Kitchen, Garden & Pets",249.0,370.0,Containers Sets,4.4
336,Ultimate M1 Perfume Spray - For Men Premium Pack,Beauty & Hygiene,231.0,420.0,Men's Deodorants,4.3
337,Fusion Tulsi Mulethi Green Tea Style,Gourmet & World Food,300.0,300.0,Gourmet Tea & Tea Bags,3.91994382022471
338,Expert Nicer Dicer Style,"Kitchen, Garden & Pets",475.0,1195.0,Choppers & Graters,2.6
339,Max Masala - Punjabi Chhole Range,"Foodgrains, Oil & Masala",28.05,33.0,Blended Masalas,4.3
340,"Advanced Pork - Fresh Bacon, Sliced Premium Pack","Eggs, Meat & Fish",360.0,400.0,Pork & Ham,3.91994382022471
341,New Generation Active Salt Toothpaste Saver Pack 300g + Sensitive Soft Bristles Toothbrush 4pcs Model,Beauty & Hygiene,149.72,258.0,Toothpaste,3.91994382022471
342,Pro Silicone Feeding Nipple/Teat Regular Neck - Size XL Collection,Baby Care,150.0,150.0,Nursing Tools,3.91994382022471
343,"Elite Microwaveable Plastic Multiutility Bowl - Yellow, New Coral, L2272 YL Line","Kitchen, Garden & Pets",29.0,38.0,Containers Sets,3.6
344,Pro Chicken Jalapeno Cheese Nuggets Model,"Eggs, Meat & Fish",285.0,300.0,Chicken Sausages,3.91994382022471
345,Essential Milk Delights Face Wash With Honey For Dry Skin Style,Beauty & Hygiene,86.4,90.0,Face Care,4.2
346,Advanced Instaglow Oxygen Bleach Series,Beauty & Hygiene,63.0,70.0,Face Care,4.1
347,Ultimate Soft Drink - Lime Flavoured Collection,Beverages,38.0,40.0,Cold Drinks,4.3
348,Pro Coffee Creamer - Coffee-Mate Premium Pack,Gourmet & World Food,425.0,425.0,Coffee & Pre-Mix,3.91994382022471
349,Essential Royce Premium High Quality Pedal Plastic Dustbin / Garbage Bin - Blue Series,Cleaning & Household,219.0,265.0,Dustbins,2.8
350,Advanced Khaas Shampoo Bar - Heena Amla Edition,Beauty & Hygiene,295.0,295.0,Shampoo & Conditioner,3.91994382022471
351,Artisan Bubble Glass Bundle,"Kitchen, Garden & Pets",789.0,1041.0,Glassware,3.91994382022471
352,Expert Dazzle Livid Lilac Dinner Set - White Collection,"Kitchen, Garden & Pets",1229.0,1895.0,Dinner Sets,3.8
353,Signature Dhanwantharam Kwath Bundle,Beauty & Hygiene,140.0,140.0,Ayurveda,3.91994382022471
354,Fusion Suzzan Glass Bottle With Blue Cap Edition,"Kitchen, Garden & Pets",290.0,290.0,Water & Fridge Bottles,3.91994382022471
355,Expert Henko Detergent Bar - Stain Care 250 gm + Mr. White Detergent Powder 1 kg Pouch Model,Cleaning & Household,87.0,95.0,Detergent Bars,3.91994382022471
356,New Generation Tea - English Breakfast Bundle,Beverages,166.0,195.0,Tea Bags,4.5
357,Elite Rolled Oats - Gluten Free + Gluten Free - Steel Cut Oats (each 500 g) Range,Snacks & Branded Foods,352.0,400.0,Oats & Porridge,3.91994382022471
358,"Max Wafer Roll - Twister, Black With Vanilla Flavoured Cream Bundle",Gourmet & World Food,275.0,275.0,"Cookies, Biscotti, Wafer",3.91994382022471
359,Essential Steel Cut Oats Selection,Snacks & Branded Foods,650.0,650.0,Oats & Porridge,3.5
360,Max Zucchini - Green Range,Fruits & Vegetables,50.0,62.5,Exotic Vegetables,3.91994382022471
361,Essential Green Sliced Olives Style,Gourmet & World Food,180.0,200.0,"Olive, Jalapeno, Gherkin",4.0
362,Fusion Ready To Eat - Khatta Meetha Poha Style,Snacks & Branded Foods,60.0,60.0,Breakfast & Snack Mixes,4.1
363,Max Roasted Soyanuts - Wasabi Collection,Gourmet & World Food,185.0,185.0,Roasted Seeds & Nuts,3.91994382022471
364,Advanced Radiance Boost Orange Aroma Mask Selection,Beauty & Hygiene,112.5,125.0,Face Care,2.5
365,Artisan Muffin/Cup Cake Vanilla 200 g + Choco Chip 200 g (Pack of 4 each) Range,"Bakery, Cakes & Dairy",318.0,318.0,Muffins & Cup Cakes,3.91994382022471
366,Max Masala Oats - Veggie Twist Bundle,Snacks & Branded Foods,180.0,195.0,Oats & Porridge,4.2
367,Elite Sunscreen Cream - Sunblock Anti Aging SPF UV 60 Collection,Beauty & Hygiene,475.0,475.0,Face Care,4.5
368,Ultimate Sunblock Lotion Model,Beauty & Hygiene,178.5,210.0,Face Care,4.1
369,Fusion Copper Water Fliptop Bottle - Stripes Range,"Kitchen, Garden & Pets",549.0,1299.0,Copper Utensils,2.4
370,Ultimate For Men Evolution Eau De Toilette Style,Beauty & Hygiene,1900.8,3300.0,Eau De Toilette,3.91994382022471
371,"Ultimate Long & Black Shampoo - With Goodness Of Amla & Bhringraj, For Shiny, Black Hair Selection",Beauty & Hygiene,171.0,190.0,Shampoo & Conditioner,4.2
372,Signature Toothpaste - Complete Care Style,Beauty & Hygiene,65.0,80.0,Toothpaste,4.3
373,Elite Olive Oil - Pomace Series,Gourmet & World Food,3330.0,3330.0,"Pure, Pomace Olive Oil",3.5
374,Expert Glass Set - Solo Shot Bar Style,"Kitchen, Garden & Pets",579.0,888.0,Glassware,3.91994382022471
375,New Generation Bonacure Conditioner - Repair Rescue Set,Beauty & Hygiene,900.0,900.0,Shampoo & Conditioner,5.0
376,Max Vegan Chipotle Mayo - Dairy-Free Premium Pack,Gourmet & World Food,332.5,350.0,Salad Dressings,3.4
377,Ultimate Blueberry Selection,Fruits & Vegetables,330.0,418.75,Exotic Fruits,3.91994382022471
378,"Pro Oregano - Organic, USDA Certified Premium Pack",Gourmet & World Food,99.0,99.0,"Herbs, Seasonings & Rubs",4.2
379,Expert Chunky Salsa - Mild Set,Gourmet & World Food,140.25,165.0,"Hummus, Cheese, Salsa Dip",3.91994382022471
380,Essential Multigrain Energy Bar - Nuts n Seed Series,Gourmet & World Food,40.0,40.0,Cereal & Granola Bars,4.0
381,Elite Active Fresh Gel Toothpaste Collection,Beauty & Hygiene,45.0,50.0,Toothpaste,4.3
382,Ultimate Hydro Replenish Radiance Day CrÃ¨me with SPF 15 Bundle,Beauty & Hygiene,104.3,149.0,Face Care,4.3
383,Signature Anti-Hair Fall Shampoo Bundle,Beauty & Hygiene,123.5,130.0,Shampoo & Conditioner,4.2
384,"Fusion Cereal - Ragi, Rice & Mango With Milk Collection",Baby Care,300.0,300.0,Organic Baby Food,4.0
385,Fusion Fenugreek/Methi/Menthya Edition,"Foodgrains, Oil & Masala",18.4,30.0,Whole Spices,4.1
386,Max Hair Spa Oil Therapy Edition,Beauty & Hygiene,370.5,390.0,Hair Oil & Serum,5.0
387,"New Generation Sauce - Bhut Jolokia, Sweet Chilli Bundle",Snacks & Branded Foods,168.75,225.0,Chilli & Soya Sauce,5.0
388,Expert Dry Fruit Mixed Chatpata Range,Gourmet & World Food,149.0,215.0,Dry Fruits & Berries,3.91994382022471
389,Artisan Organic Coriander Powder Edition,"Foodgrains, Oil & Masala",48.0,48.0,Organic Masalas & Spices,4.1
390,Pro Stainless Steel Induction Base Tope Collection,"Kitchen, Garden & Pets",399.0,435.0,Bowls & Vessels,4.1
391,"New Generation Adult Cat Food Pocket Tuna 7 kg + Wet Meal Tuna In Jelly, for Adult Cat 1.02 kg Edition","Kitchen, Garden & Pets",1986.6,2220.0,Pet Meals & Treats,3.91994382022471
392,"Fusion Pork - Mortadella with Olives, Sliced Edition","Eggs, Meat & Fish",410.4,456.0,Pork & Ham,3.91994382022471
393,New Generation Andhra Special Allam/Ginger Pickle Selection,Snacks & Branded Foods,210.0,210.0,Other Veg Pickle,2.0
394,Ultimate New Dry Diapers - Medium Selection,Baby Care,388.88,425.0,Diapers,3.8
395,Expert Fruit N Fibre Muesli - Mixed Fruit Premium Pack,Snacks & Branded Foods,320.0,320.0,Muesli,4.3
396,Fusion Basa Fish - Fillet Family Pack Edition,"Eggs, Meat & Fish",499.0,499.0,Frozen Fish & Seafood,3.91994382022471
397,Pro Baby Corn - Sweet & Sour Series,Gourmet & World Food,607.75,715.0,Tomatoes & Vegetables,5.0
398,Advanced Kool - Badam Collection,"Bakery, Cakes & Dairy",20.0,20.0,"Flavoured, Soya Milk",4.2
399,Max Creamy Crackers - Original Line,Gourmet & World Food,180.0,180.0,Crackers & Digestive,4.3
400,Expert Dried - Cranberries 200G + Prunes 200G + Apricots  200G + Blueberries 150G Edition,Gourmet & World Food,1280.0,1280.0,Dry Fruits & Berries,3.91994382022471
401,New Generation Milly Magic Chocolate Balls - Gluten Free Line,Snacks & Branded Foods,485.0,485.0,Kids Cereal,4.0
402,Artisan Millet Based Nutrition Bar - Classic Bundle,Gourmet & World Food,20.0,20.0,Cereal & Granola Bars,4.0
403,"Ultimate Bathroom Cleaner - Liquid, Hand Made Collection",Cleaning & Household,120.0,120.0,Toilet Cleaners,3.5
404,Pro Kodo Millet Rice - Pesticide Free Model,"Foodgrains, Oil & Masala",84.15,85.0,Cereals & Millets,4.1
405,Artisan Amla Juice Series,Beverages,220.0,220.0,Juices,3.91994382022471
406,Signature Cheddar - English Edition,Gourmet & World Food,530.0,530.0,International Cheese,3.91994382022471
407,Essential Power - Fresh Breath Fluoride Toothpaste 100 g + Sensitive Toothpaste 80 g Model,Beauty & Hygiene,203.99,240.0,Toothpaste,3.91994382022471
408,"Ultimate Matcha Moringa Bar Bites - Mini, Gluten-free, Vegan Bundle",Gourmet & World Food,112.56,168.0,"Cookies, Biscotti, Wafer",3.91994382022471
409,Essential Sugar Free Juice - Lemon Ginger Squash Range,Beverages,330.0,330.0,Juices,3.91994382022471
410,Advanced Wipeout Germ Killing Soap Bundle,Beauty & Hygiene,55.2,69.0,Hand Wash & Sanitizers,4.0
411,Artisan Jelly Crystal - Raspberry Edition,Gourmet & World Food,40.5,45.0,"Baking, Cake Decorations",4.4
412,Fusion Black Tea Series,Beverages,155.0,155.0,Tea Bags,4.3
413,New Generation Grainy Delight Series,Gourmet & World Food,150.0,150.0,Roasted Seeds & Nuts,3.91994382022471
414,"Artisan Kitchen Cleaning/Dusting Microfibre Cloth - Grey, G130060GR Bundle",Cleaning & Household,239.2,299.0,Dust Cloth & Wipes,4.3
415,Pro Amla Churna Model,Beauty & Hygiene,80.0,80.0,Ayurveda,3.91994382022471
416,Essential Professional Herbal Orange Facial Massage Cream Bundle,Beauty & Hygiene,191.25,225.0,Body Care,3.91994382022471
417,Artisan Eggless Mayonnaise Dip Premium Pack,Gourmet & World Food,119.0,149.0,Salad Dressings,3.91994382022471
418,Ultimate Nilgiri Green Tea - Yakuso Tulsi Range,Gourmet & World Food,525.0,750.0,Gourmet Tea & Tea Bags,3.91994382022471
419,"Ultimate Peri Peri Sauce - Bird Eye Chili, Hot & Tangy Style",Gourmet & World Food,161.1,179.0,Thai & Asian Sauces,4.1
420,"Essential Menstrual Cup - Wings, Pratham Model",Beauty & Hygiene,489.0,489.0,Tampons & Menstrual Cups,3.91994382022471
421,New Generation Wonderz Milk Fruit N Milk - Mango Collection,"Bakery, Cakes & Dairy",29.75,35.0,"Flavoured, Soya Milk",4.1
422,Advanced Cow Ghee/Tuppa Range,"Foodgrains, Oil & Masala",432.0,540.0,Ghee & Vanaspati,3.4
423,"Ultimate Organic - Black Cardamom Ealachi, Whole Style","Foodgrains, Oil & Masala",44.0,47.0,Organic Masalas & Spices,4.0
424,Advanced Ultimate Choco Berry Set,Snacks & Branded Foods,950.0,950.0,Granola & Cereal Bars,4.9
425,Max Steel Belly Shape Storage Dabba/ Container Set With PP Lid - Silver & Blue Style,"Kitchen, Garden & Pets",219.0,995.0,Steel Storage Containers,3.8
426,Fusion Kool - Koko Premium Pack,"Bakery, Cakes & Dairy",111.0,120.0,"Flavoured, Soya Milk",4.3
427,"Ultimate Apple Cider Vinegar - With Mother, Unfiltered & Unpasteurized Line",Gourmet & World Food,500.0,500.0,Balsamic & Cider Vinegar,5.0
428,Advanced Dare Deodorant Spray - Men Line,Beauty & Hygiene,210.0,210.0,Men's Deodorants,3.9
429,Ultimate Svachh DLX Alpha Steel Outer Lid Pressure Cooker (20247) Model,"Kitchen, Garden & Pets",2060.0,2290.0,Pressure Cookers,3.3
430,Fusion Hydrating Body Lotion Line,Beauty & Hygiene,349.0,349.0,Body Care,4.0
431,Essential Nuts & Seeds Bar Range,Snacks & Branded Foods,36.0,40.0,Granola & Cereal Bars,3.8
432,"Expert Nacho Chips - Cheese With Herbs, No Onion, No Garlic Selection",Gourmet & World Food,46.9,70.0,Nachos & Chips,4.2
433,Signature Pistachio Bundle,Gourmet & World Food,307.2,480.0,Dry Fruits & Berries,3.91994382022471
434,Ultimate 7 O Click - Permasharp Stainless Blade Edition,Beauty & Hygiene,21.56,22.0,Shaving Care,4.1
435,New Generation Classic Sandalwood & Tulsi Hand Wash Set,Beauty & Hygiene,209.0,209.0,Hand Wash & Sanitizers,3.8
436,Pro Chai/Stainless Steel Cups - For The Love Of Tea Style,"Kitchen, Garden & Pets",395.0,395.0,"Cups, Mugs & Tumblers",3.91994382022471
437,New Generation Brass Karpoor Arti - No.2 Series,Cleaning & Household,109.0,225.0,Other Pooja Needs,3.8
438,Expert Nikhaar Hair Removal Cream For All Skin Types Line,Beauty & Hygiene,82.0,82.0,Hair Removal,4.1
439,Pro Original Care Lip Balm For 24h Moisture With Shea Butter & Natural Oils Edition,Beauty & Hygiene,114.8,140.0,Lip Care,4.3
440,"Elite Plastic Insulated Jr Casserole For Roti/Chapati Gift Set - White, Regalia Set","Kitchen, Garden & Pets",739.0,910.0,Casserole,3.5
441,New Generation Sunspray Sunscreen SPF 30 Model,Beauty & Hygiene,292.5,450.0,Face Care,3.91994382022471
442,Expert Vastu Combo Pack - Floor Cleaner + toilet cleaner Line,Cleaning & Household,319.0,319.0,Floor & Other Cleaners,3.6
443,"Fusion Water Flask - Insulated Thermosteel, Flip Lid , Silver Premium Pack","Kitchen, Garden & Pets",879.0,1095.0,Vacuum Flask,4.2
444,Artisan Drumstick - Organically Grown Model,Fruits & Vegetables,13.0,16.25,Organic Vegetables,3.91994382022471
445,Advanced Up Or Down Eau De Toilette Deodorant - For Man Premium Pack,Beauty & Hygiene,223.2,279.0,Men's Deodorants,3.91994382022471
446,"Signature Ultra Healing - Extra Dry Skin Moisturiser With Vitamin C, E & B5 Collection",Beauty & Hygiene,296.1,329.0,Body Care,2.0
447,"Essential Organic, Fennel /Saunf/Sompu Powder Selection","Foodgrains, Oil & Masala",23.0,25.0,Organic Masalas & Spices,4.1
448,Artisan Coconut Braker - Big Collection,"Kitchen, Garden & Pets",129.0,169.0,Kitchen Tools & Other Accessories,3.0
449,Elite Truffel - Caramel Range,Snacks & Branded Foods,190.0,200.0,Chocolates,3.7
450,Pro Conditioner - Hair Repair Style,Beauty & Hygiene,161.0,161.0,Shampoo & Conditioner,3.91994382022471
451,"Artisan Stainless Steel Water Bottle - Blue, BB506 3 Selection","Kitchen, Garden & Pets",249.0,470.0,Water & Fridge Bottles,3.91994382022471
452,New Generation Mischief Avatar Deodorant & Body Spray Perfume For Men Style,Beauty & Hygiene,121.0,199.0,Men's Deodorants,3.8
453,Expert Skin Fruits Fruit Moisturising Body Lotion Selection,Beauty & Hygiene,68.85,81.0,Body Care,4.1
454,Max Multipurpose Germ Protection Anti-Bacterial Wipes With Lemon Fragrance Model,Cleaning & Household,100.0,100.0,Disinfectant Spray & Cleaners,3.91994382022471
455,Elite Basmati Rice/Basmati Akki - Rozana Super 90 Bundle,"Foodgrains, Oil & Masala",340.0,390.0,Basmati Rice,3.9
456,Expert Milk power Frappe Milkshake - Belgian Chocolate Edition,"Bakery, Cakes & Dairy",27.0,30.0,"Flavoured, Soya Milk",4.2
457,"Pro Peanut Butter - Unsweetened, Crunchy Series",Snacks & Branded Foods,275.0,275.0,Choco & Nut Spread,3.8
458,Ultimate Salem Turmeric Powder/Arisina Pudi Series,"Foodgrains, Oil & Masala",24.75,33.0,Powdered Spices,4.4
459,New Generation Body Fragrance - Alexander Model,Beauty & Hygiene,149.25,199.0,Men's Deodorants,4.3
460,"Essential Steel Storage/Lunch Container- No.1, Blue, Klip It Style","Kitchen, Garden & Pets",79.0,119.0,Steel Storage Containers,3.1
461,Ultimate Ladies Finger Collection,Fruits & Vegetables,26.73,35.0,"Beans, Brinjals & Okra",3.91994382022471
462,Fusion Aloe Vera Juice - Purifies Blood & Boosts Immunity Model,Gourmet & World Food,220.0,220.0,Health Drinks,1.0
463,"Fusion Balloon - Polka Dot, 12 Inch Bundle",Cleaning & Household,99.0,129.0,"Caps, Balloons & Candles",3.9
464,Essential School/Stationery Kit Line,Cleaning & Household,49.0,49.0,"Pen, Pencils",4.1
465,Advanced Face Wash - White Tea & Chamomile Style,Beauty & Hygiene,129.5,185.0,Face Care,4.2
466,Advanced Bathroom Cleaner Premium Pack,Cleaning & Household,209.3,299.0,Toilet Cleaners,4.0
467,Fusion Imperial Desert Set - Aqua Leaves Premium Pack,"Kitchen, Garden & Pets",419.0,625.0,Plates & Bowls,2.8
468,Essential Solitaire Storage Transparent Pet Container Set - Green Lid Model,"Kitchen, Garden & Pets",409.0,969.0,Containers Sets,4.2
469,Advanced Organic Cold Pressed Virgin Coconut Oil Set,Gourmet & World Food,239.0,365.0,Organic & Cold Press Oil,4.4
470,New Generation DiaFree Juice Premium Pack,Beverages,420.0,420.0,Juices,3.91994382022471
471,Expert Hand Wash Rose & Geranium - Anti Bacterial Set,Beauty & Hygiene,349.0,349.0,Hand Wash & Sanitizers,5.0
472,Expert Namkeen - Flattend Rice Mixture Set,Snacks & Branded Foods,38.0,38.0,Namkeen & Savoury Snacks,4.0
473,Expert Borosilicate Glass Rectangular Food Container With Green Lid Model,"Kitchen, Garden & Pets",209.0,339.0,Containers Sets,3.91994382022471
474,Pro Black Naturals Range,Beauty & Hygiene,37.0,39.0,Hair Color,4.2
475,Fusion Sorghum Rava/ Semolina Bundle,Gourmet & World Food,80.0,80.0,Flours & Pre-Mixes,4.4
476,Expert Sensitive Toothpaste - Fresh Mint Model,Beauty & Hygiene,215.6,230.0,Toothpaste,4.3
477,New Generation Floor Cleaner - Lime Line,Cleaning & Household,70.0,70.0,Floor & Other Cleaners,3.8
478,Advanced Hair Serum - Anti-Dandruff Edition,Beauty & Hygiene,637.5,750.0,Hair Oil & Serum,1.0
479,"Elite Face Mask 3-Layer Surgical - Disposable, Anti-Dust & Anti-Pollution, With Earloop Premium Pack",Beauty & Hygiene,79.0,99.0,Face Masks & Safety Gears,3.5
480,Pro Veda Keto-Slim Ultra Weight Loss Set,Beauty & Hygiene,1699.0,1699.0,Ayurveda,3.91994382022471
481,"Fusion Basmati Rice Mini Mogra, Broken/Tukda 5 Kg + Wheat Flour (Chakki Atta) 10 Kg Premium Pack","Foodgrains, Oil & Masala",575.0,745.0,Basmati Rice,3.91994382022471
482,New Generation Tapioca Style,Fruits & Vegetables,17.0,21.25,Root Vegetables,3.91994382022471
483,Ultimate Organic - Kalonji Edition,"Foodgrains, Oil & Masala",47.5,50.0,Organic Masalas & Spices,4.2
484,Expert Savoury - Pizza Line,Gourmet & World Food,190.0,190.0,"Healthy, Baked Snacks",3.91994382022471
485,Expert Water/Juice Glass Tumbler - Volvic 3303 Range,"Kitchen, Garden & Pets",425.0,425.0,Glassware,3.91994382022471
486,Elite Red Poha Selection,"Foodgrains, Oil & Masala",80.0,80.0,"Organic Rice, Other Rice",4.0
487,Expert Brightening Serum Edition,Beauty & Hygiene,942.0,1450.0,Face Care,4.0
488,Essential Ivory Glass Bottle - Orange & Yellow Floral Series,"Kitchen, Garden & Pets",190.0,190.0,Water & Fridge Bottles,3.91994382022471
489,Artisan Sheer Perfume For Women - EDP Premium Pack,Beauty & Hygiene,1435.5,1595.0,Eau De Parfum,4.4
490,Signature Dog Treats - Diced Chicken Collection,"Kitchen, Garden & Pets",195.0,195.0,Pet Meals & Treats,3.91994382022471
491,New Generation Baking Powder - Double Acting Style,Gourmet & World Food,145.0,145.0,"Baking, Cake Decorations",5.0
492,"Signature Ready Mix - Kheer, Vermicelli Collection",Snacks & Branded Foods,53.0,60.0,Dessert Mixes,4.3
493,Pro Scrubbing Broom Brush - Outdoor Style,Cleaning & Household,256.5,285.0,Toilet & Other Brushes,4.5
494,Max Organic Wheat Dalia Set,"Foodgrains, Oil & Masala",52.25,55.0,Organic Flours,4.1
495,Signature Moisturizing Body Bath - Green Tea & Milk Model,Beauty & Hygiene,279.0,279.0,Shower Gel & Body Wash,3.91994382022471
496,Essential The Original Kashaya - Caffeine Free Series,Gourmet & World Food,279.0,279.0,Health Drinks,4.8
497,Expert Nizami Hyderabadi Cuisine Series,Gourmet & World Food,395.0,395.0,"Curry Paste, Coconut Milk",3.91994382022471
498,Fusion Elegance Deodorizing Talc - For Men Edition,Beauty & Hygiene,157.25,185.0,Talc,4.4
499,"Essential LED Bulb - 10 Watt CDL Round Base Lyor 5 Star Series, Cool Day Light White, B22 Collection","Kitchen, Garden & Pets",149.0,285.0,CFL & Led Bulbs,3.91994382022471
500,Max Organic Rasam Ready Mix - Long Pepper Premium Pack,Snacks & Branded Foods,85.0,85.0,Breakfast & Snack Mixes,4.2
501,Fusion Gold Caramel Candy Style,Snacks & Branded Foods,50.0,50.0,"Toffee, Candy & Lollypop",4.3
502,Ultimate Masala - Birayani Pulao Selection,"Foodgrains, Oil & Masala",80.0,80.0,Blended Masalas,4.2
503,Essential Hair Fall Control Oil Collection,Beauty & Hygiene,145.0,290.0,Hair Oil & Serum,4.0
504,Essential Bio Renew White Strawberry & Sweet Mint Conditioner Line,Beauty & Hygiene,468.0,650.0,Shampoo & Conditioner,4.4
505,"Ultimate Comfort Bathroom Stool Plastic/Patla - Plain, Big, Assorted Collection",Cleaning & Household,259.0,426.0,"Bath Stool, Basin & Sets",3.4
506,Artisan Bounce Biscuits - Elaichi Creme Set,Snacks & Branded Foods,27.0,30.0,Cream Biscuits & Wafers,4.1
507,"New Generation Pumice Stone & Emery Foot Filer - FFL3407, Colour May Vary Collection",Beauty & Hygiene,175.0,175.0,Bathing Accessories,3.8
508,Fusion Olive Oil - Classic Line,Gourmet & World Food,589.0,1350.0,"Pure, Pomace Olive Oil",3.91994382022471
509,Artisan Light Soy Sauce - Reduced Salt Selection,Gourmet & World Food,346.5,385.0,Thai & Asian Sauces,3.9
510,"Essential Kitchen Cleaning/Dusting Microfibre Cloth - Red & Grey, G130064RG Edition",Cleaning & Household,219.0,258.0,Dust Cloth & Wipes,4.0
511,Artisan Painting Kit Premium Pack,Cleaning & Household,196.0,199.0,Colours & Crayons,4.7
512,Advanced Diamond Skin Brightening Kit - Consumer Pack Set,Beauty & Hygiene,150.0,250.0,Face Care,4.0
513,Artisan Organic - Turmeric Powder/Arisina Pudi Collection,"Foodgrains, Oil & Masala",32.0,40.0,Organic Masalas & Spices,4.7
514,Max Natural Neem Agarbatti Premium Pack,Cleaning & Household,180.0,180.0,Mosquito Repellent,3.0
515,Ultimate Raspberry Strawberry Preserve Collection,Gourmet & World Food,349.0,349.0,"Jams, Marmalade, Spreads",3.5
516,Essential Meghdoot Honey Almond Body Lotion Set,Beauty & Hygiene,195.0,195.0,Body Care,3.91994382022471
517,Pro Hajmola Maha Candy - Aam+Imli Style,Beauty & Hygiene,117.0,130.0,Supplements & Proteins,4.4
518,Fusion Rice Bran Oil Edition,"Foodgrains, Oil & Masala",173.0,215.0,"Sunflower, Rice Bran Oil",4.1
519,"Signature N95 Washable Face Mask - Blue, Medium Collection",Beauty & Hygiene,299.0,395.0,Face Masks & Safety Gears,3.8
520,Essential Coriander Powder Collection,"Foodgrains, Oil & Masala",24.0,24.0,Powdered Spices,4.2
521,Ultimate Dressing - Creamy Caesar Edition,Gourmet & World Food,270.0,270.0,Salad Dressings,3.9
522,Essential Shishu Taila - For Healthy Skin & Stronger Bones Edition,Beauty & Hygiene,200.0,200.0,Ayurveda,3.91994382022471
523,Artisan Chocolate Flavoured Lubes Edition,Beauty & Hygiene,300.0,300.0,Sexual Wellness,2.3
524,New Generation Free Range Eggs - Omega 3 Series,"Eggs, Meat & Fish",150.0,150.0,Farm Eggs,3.91994382022471
525,Pro Whiteglow Skin Whitening & Brightening Gel Creme PA+++ - SPF 25 Series,Beauty & Hygiene,292.5,390.0,Face Care,4.3
526,Advanced Premium Californian Roasted & Salted Pistachios - Value Pack Set,Gourmet & World Food,656.25,875.0,Dry Fruits & Berries,3.91994382022471
527,Fusion Active Baby Medium (6-11 kg) - 62 Diapers Series,Baby Care,1077.02,1099.0,Diapers,4.4
528,Elite Nutrition & Health Drink - Pista Badam Collection,Beverages,315.0,315.0,Kids (5+Yrs),4.4
529,Fusion Chocolate Biscuits - Cream 4 Fun Model,Snacks & Branded Foods,25.0,30.0,Cream Biscuits & Wafers,4.0
530,Ultimate Oat Krunch - Dark Chocolate Selection,Gourmet & World Food,125.0,125.0,"Cookies, Biscotti, Wafer",5.0
531,Expert Soft & Fresh Soap Bar Series,Beauty & Hygiene,72.0,72.0,Bathing Bars & Soaps,4.4
532,Ultimate Oxygen Moisture Shampoo Set,Beauty & Hygiene,466.2,630.0,Shampoo & Conditioner,4.2
533,"Elite Almond Milk - Unsweetened, Lactose-Free, Plant-Based Milk Alternative Set",Gourmet & World Food,237.5,250.0,Milk & Soya Drinks,4.2
534,Ultimate Herbal Vedaprash Immunity Booster Bundle,Beauty & Hygiene,649.0,649.0,Ayurveda,3.91994382022471
535,"Artisan Table Ring - Trivet Round, Dia-13 cm Series","Kitchen, Garden & Pets",45.0,59.0,Kitchen Tools & Other Accessories,3.7
536,Advanced Premium International Healthy Nutmix - Value Pack Selection,Gourmet & World Food,401.33,599.0,Dry Fruits & Berries,3.91994382022471
537,Expert Non Scratch Sponge Style,Cleaning & Household,57.0,70.0,"Utensil Scrub-Pad, Glove",4.3
538,Pro Premium Care XXXL - 23 Diaper Pants Series,Baby Care,850.26,1149.0,Diapers,3.8
539,Signature Drumstick - Organically Grown Series,Fruits & Vegetables,13.0,16.25,Organic Vegetables,3.91994382022471
540,Essential Moisturzing Cream - Intense Model,Beauty & Hygiene,175.0,350.0,Face Care,3.91994382022471
541,Max Shikakai - Amla and Bhringraj Model,Beauty & Hygiene,20.9,22.0,Bathing Bars & Soaps,4.2
542,Pro Amritsari Chhole Masala Selection,"Foodgrains, Oil & Masala",40.95,63.0,Blended Masalas,4.1
543,Advanced Meswak Toothpaste Selection,Beauty & Hygiene,426.3,525.0,Toothpaste,4.3
544,Essential Tofu Supreme - Regular Selection,"Bakery, Cakes & Dairy",108.0,120.0,"Paneer, Tofu & Cream",2.8
545,Pro Honey Sunflower Premium Pack,Gourmet & World Food,110.5,130.0,Roasted Seeds & Nuts,4.7
546,Signature Premium Raw Organic Authentic Flaxseeds Line,Gourmet & World Food,59.4,99.0,Roasted Seeds & Nuts,4.5
547,Advanced Ultra Protect Spray Range,Beauty & Hygiene,340.0,400.0,Hand Wash & Sanitizers,3.5
548,Max Chia Mango Mint Jam Collection,Gourmet & World Food,126.0,140.0,"Jams, Marmalade, Spreads",3.5
549,New Generation Asafoetida - Powder Line,"Foodgrains, Oil & Masala",90.25,95.0,Powdered Spices,4.3
550,"Advanced Pure Maple Syrup - Product Of Canada, Grade A, Robust Taste Collection",Gourmet & World Food,900.0,1000.0,Honey & Maple Syrup,4.7
551,Max Flucon Tablets - Fights Allergy Naturally Set,Beauty & Hygiene,110.0,110.0,Ayurveda,3.91994382022471
552,Signature Tagara (Valerian) - Tablets Model,Beauty & Hygiene,145.2,165.0,Supplements & Proteins,4.8
553,Essential Masala - Pav Bhaji Premium Pack,"Foodgrains, Oil & Masala",66.0,66.0,Blended Masalas,4.1
554,Signature Cereal Flip Lid Container/Storage Jar - Assorted Colour Premium Pack,Cleaning & Household,79.0,107.0,"Laundry, Storage Baskets",4.6
555,Elite Greek Yogurt Smoothie - Strawberry Collection,Gourmet & World Food,49.0,70.0,Milk & Soya Drinks,4.0
556,Artisan Marvel Spiderman Metal Kids Pencil Box Model,Cleaning & Household,149.0,149.0,Exam Pads & Pencil Box,3.0
557,New Generation Jeera Nibbles Set,Snacks & Branded Foods,39.0,50.0,Salted Biscuits,4.1
558,Essential Pure Aloe Vera Gel Set,Beauty & Hygiene,107.0,150.0,Body Care,3.7
559,New Generation Organic Quinoa Power Rice Cake Selection,Gourmet & World Food,126.65,149.0,"Healthy, Baked Snacks",3.91994382022471
560,Artisan Hair Styling Gel - High Hold With Wet Looks Set,Beauty & Hygiene,299.0,299.0,Hair Care & Styling,3.91994382022471
561,Essential Brazil - Single Origin Dark Chocolate Premium Pack,Gourmet & World Food,320.0,320.0,"Luxury Chocolates, Gifts",5.0
562,Expert Sesame Chikki Range,Snacks & Branded Foods,300.0,300.0,Chikki & Gajjak,4.0
563,Expert Jerk Sauce Edition,Snacks & Branded Foods,160.0,200.0,Chilli & Soya Sauce,5.0
564,Artisan Organic Elicoidali Pasta Collection,Gourmet & World Food,396.0,495.0,Pastas & Spaghetti,5.0
565,Pro Elegant Fruit Center Filled Choco Assortment Style,Gourmet & World Food,267.75,315.0,"Marshmallow, Candy, Jelly",5.0
566,"Pro Basting Brush Kitchen Oil Cooking Tool - Silicon Plastic, Pink/Peach Assorted, BB1166 Bundle","Kitchen, Garden & Pets",139.0,189.0,Baking Tools & Brushes,4.4
567,Fusion Baby Powder With Fragrance Line,Baby Care,99.0,99.0,Baby Powder,3.8
568,Expert Supple Bounce Body Lotion Selection,Beauty & Hygiene,105.6,110.0,Body Care,4.5
569,Fusion Glass Serving Mixing Bowl Edition,"Kitchen, Garden & Pets",169.0,299.0,Glassware,2.8
570,New Generation Tawa Pav Bhaji Masala Set,"Foodgrains, Oil & Masala",39.6,66.0,Blended Masalas,4.0
571,"Ultimate Bathing Bar Soap - Germ Protection, Original Collection",Beauty & Hygiene,335.81,440.0,Bathing Bars & Soaps,4.3
572,Fusion Nylon Rope Bundle,Cleaning & Household,80.0,80.0,Other Plastic Ware,4.2
573,Elite Cleaner - Jewelery Series,Cleaning & Household,575.0,575.0,Floor & Other Cleaners,3.91994382022471
574,Elite Tasty Ragi Chivda Model,Gourmet & World Food,99.0,99.0,"Healthy, Baked Snacks",3.91994382022471
575,Ultimate Crunchy & Creame Wafer Biscuit - Vanilla Model,Gourmet & World Food,89.1,99.0,"Cookies, Biscotti, Wafer",3.3
576,Essential Fevicryl - Pearl Kit Style,Cleaning & Household,108.0,110.0,Colours & Crayons,4.2
577,"Expert Deluxe Granite Non-Stick Omni Tawa, 250 mm (36301) Edition","Kitchen, Garden & Pets",870.0,1020.0,Tawa & Sauce Pan,3.5
578,"New Generation Granola - Choco, Almond & Cookies Style",Snacks & Branded Foods,245.0,265.0,Granola & Cereal Bars,3.91994382022471
579,Ultimate Peanut Brittle - With Jaggery Range,Gourmet & World Food,119.0,199.0,"Luxury Chocolates, Gifts",3.91994382022471
580,Elite For Man Eau De Toilette Premium Pack,Beauty & Hygiene,2415.0,3450.0,Eau De Toilette,2.0
581,"Advanced Novawhite Glutathione & Vitamin C Cream - For Men & Women, Suitable For all Skin Types Line",Beauty & Hygiene,675.0,675.0,Face Care,3.91994382022471
582,"Ultimate Klick Lead - 10HB, 10 Leads Range",Cleaning & Household,98.0,100.0,"Pen, Pencils",3.91994382022471
583,Elite Bhumyalakki Tablets Line,Beauty & Hygiene,120.0,120.0,Ayurveda,3.91994382022471
584,Elite Juice/Milk Mugs Collection,"Kitchen, Garden & Pets",229.0,280.0,Glassware,3.0
585,Advanced Pizza Topping Line,Gourmet & World Food,139.0,189.0,"Olive, Jalapeno, Gherkin",3.91994382022471
586,Artisan Shaving Foam Range,Beauty & Hygiene,68.0,85.0,Shaving Care,2.5
587,Advanced Mix - Rava Dosai Line,Snacks & Branded Foods,60.0,60.0,Breakfast & Snack Mixes,4.3
588,Essential Aloe Vera - Organically grown Model,Fruits & Vegetables,40.0,50.0,Organic Vegetables,3.91994382022471
589,"Pro Green Tea - Mint, Good morning Selection",Beverages,75.0,150.0,Green Tea,4.5
590,Essential Bathing Soap - Cucumber & Coconut Series,Beauty & Hygiene,99.36,120.0,Bathing Bars & Soaps,4.2
591,Essential Imitation - Crab Sticks Style,"Eggs, Meat & Fish",195.0,195.0,Frozen Fish & Seafood,3.91994382022471
592,New Generation Shot Body Spray - Royal Jade Range,Beauty & Hygiene,165.75,195.0,Men's Deodorants,4.5
593,Ultimate Camne Vid Collection,Beauty & Hygiene,572.0,572.0,Ayurveda,3.91994382022471
594,Pro Madrid - Dessert Spoons Model,"Kitchen, Garden & Pets",359.0,510.0,"Cutlery, Spoon & Fork",5.0
595,Elite Raw Chia Basil Seeds Collection,Gourmet & World Food,450.0,450.0,"Healthy, Baked Snacks",3.91994382022471
596,Fusion Jalapeno Pasta Sauce 385 g + Sriracha Chilli Sauce 185 g + Hot Sauce 75 ml Range,Snacks & Branded Foods,475.2,528.0,Chilli & Soya Sauce,3.91994382022471
597,"Elite Shot Body Spray - Gold, Passion Set",Beauty & Hygiene,175.5,195.0,Body Sprays & Mists,4.3
598,Advanced Toilex With Roundy Cont.- Vf Line,Cleaning & Household,220.0,220.0,Toilet & Other Brushes,2.0
599,"New Generation Toilet Roll - 4 Rolls, 3 ply Selection",Cleaning & Household,325.0,325.0,Toilet Paper,4.1
600,Ultimate Pumpkin Oil - Cold Pressed Bundle,Gourmet & World Food,625.0,625.0,Flavoured & Other Oils,3.91994382022471
601,Max Darjeeling White Teabags - Reeti Premium Pack,Beverages,525.0,875.0,Exotic & Flavoured Tea,3.91994382022471
602,Signature Twin Bucket Spin Mop - Green - 2 Refills Set,Cleaning & Household,1150.0,1300.0,"Mops, Wipers",2.8
603,Fusion Expanding Folder Series,Cleaning & Household,224.0,329.0,"Notebooks, Files, Folders",3.6
604,Expert Mouthwash Liquid - Cool Mint With Mild Taste Selection,Beauty & Hygiene,220.5,245.0,Mouthwash,4.3
605,Pro Quick Chai Masala Line,Beverages,109.2,140.0,Leaf & Dust Tea,3.5
606,Expert Non Alcoholic Beverage - Mango Chilli Mojito Mixer Style,Gourmet & World Food,99.0,99.0,Cocktail Mixes,3.91994382022471
607,Signature Intimate Lightening Serum Series,Beauty & Hygiene,750.0,750.0,Intimate Wash & Care,4.0
608,Signature Olive Oil - Pomace Line,Gourmet & World Food,309.0,889.0,"Pure, Pomace Olive Oil",3.91994382022471
609,Max X-Tenso Care Straight Masque Set,Beauty & Hygiene,685.0,685.0,Hair & Scalp Treatment,4.0
610,Max Monosodium Glutamate Line,Gourmet & World Food,31.5,35.0,"Baking, Cake Decorations",4.5
611,New Generation Pomace Olive Oil Model,Gourmet & World Food,325.0,325.0,"Pure, Pomace Olive Oil",3.91994382022471
612,"Artisan Puppy Dog Treat - Chicken & Liver Chunks, (Rs 25 Off ) Value Saver Pack Collection","Kitchen, Garden & Pets",465.0,500.0,Pet Meals & Treats,4.5
613,Max Masala - Vegetable Series,"Foodgrains, Oil & Masala",43.7,46.0,Blended Masalas,4.1
614,Advanced Cheese - Mozzarella & Cheddar Premium Pack,Gourmet & World Food,240.0,240.0,International Cheese,3.91994382022471
615,Advanced Baby Oil With Fruit Extracts Set,Baby Care,343.2,429.0,Baby Oil & Shampoo,3.91994382022471
616,New Generation Soya Milk - Vanilla Style,"Bakery, Cakes & Dairy",77.17,105.0,"Flavoured, Soya Milk",4.2
617,Elite Sunlite Spray Edition,Beauty & Hygiene,475.0,475.0,Face Care,3.91994382022471
618,Fusion Max Fresh New Super Plastic Lunch Box/Tiffin Box - Blue Style,"Kitchen, Garden & Pets",469.0,602.0,Lunch Boxes,4.5
619,Expert Fruit Yoghurt - Mango Bundle,"Bakery, Cakes & Dairy",79.0,160.0,Yogurt & Shrikhand,4.0
620,Signature Chipotle Pepper Sauce Range,Gourmet & World Food,749.0,749.0,"Curry Paste, Coconut Milk",4.8
621,Elite Dairy Milk Black Forest - Imported Model,Gourmet & World Food,350.0,350.0,International Chocolates,5.0
622,Fusion Organic Brown Sugar/Sakkare Style,"Foodgrains, Oil & Masala",77.0,77.0,"Organic Sugar, Jaggery",4.1
623,Max Ready to Eat - Chicken Darbari Set,Snacks & Branded Foods,190.0,200.0,Heat & Eat Ready Meals,3.9
624,Elite Nuts Hazelnuts regular Bundle,Gourmet & World Food,400.0,400.0,"Luxury Chocolates, Gifts",3.0
625,Pro Roasted Sunflower Pumpkin & Flax Seeds Collection,Gourmet & World Food,500.0,500.0,Roasted Seeds & Nuts,4.2
626,Expert Organic Paneer Series,"Bakery, Cakes & Dairy",115.0,125.0,"Paneer, Tofu & Cream",3.1
627,"Expert Multipurpose Plastic Basket - Laundry/Clothes, Blue, Oval Series",Cleaning & Household,149.0,230.0,"Laundry, Storage Baskets",3.6
628,"Max Man-In-Charge - Aqua Blue, Eau De Parfum Line",Beauty & Hygiene,700.0,700.0,Eau De Parfum,3.91994382022471
629,Elite Ayurvedic Karela Powder Edition,Beauty & Hygiene,60.0,60.0,Ayurveda,3.91994382022471
630,Max Sweetss - Badam halwa Series,Snacks & Branded Foods,600.0,600.0,Fresh Sweets,3.91994382022471
631,Essential Pre Shave Foam - Classic Sensitive Skin Series,Beauty & Hygiene,180.0,225.0,Shaving Care,4.3
632,Artisan Tomato Ketchup Model,Snacks & Branded Foods,110.0,110.0,Tomato Ketchup & Sauces,4.0
633,Pro Premium Flat Square Plastic Container Set - Blue Edition,"Kitchen, Garden & Pets",69.0,115.0,Containers Sets,4.1
634,Fusion Lime Fresh 500 ml + Laundry San- Spring Blossom 480 ml Bundle,Cleaning & Household,303.3,363.0,Disinfectant Spray & Cleaners,3.91994382022471
635,Fusion Touch 'N' Fresh - Wild Lavender Premium Pack,Cleaning & Household,120.0,120.0,Air Freshener,4.0
636,Pro Crushed Chikki Peanut Bar Series,Snacks & Branded Foods,300.0,300.0,Chikki & Gajjak,4.1
637,"New Generation Sausage - Chicken, Cocktail Collection","Eggs, Meat & Fish",205.0,205.0,Chicken Sausages,3.91994382022471
638,Pro Make Up Remover+Brightening Nigt Cream Collection,Beauty & Hygiene,869.0,1230.0,Face Care,3.91994382022471
639,Advanced Pore Shrinking Face Pack Style,Beauty & Hygiene,299.4,499.0,Face Care,5.0
640,Fusion Wafers - Vanilla & Hazelnut Range,Gourmet & World Food,67.5,75.0,"Cookies, Biscotti, Wafer",2.8
641,Elite Wasabi Coated Green Peas Model,Gourmet & World Food,70.0,70.0,"Healthy, Baked Snacks",3.91994382022471
642,New Generation Hair Spa Detoxifying Shampoo Range,Beauty & Hygiene,399.0,399.0,Shampoo & Conditioner,3.6
643,Artisan Fruit Power Juice- Mixed Berries Collection,Beverages,96.8,110.0,Juices,3.91994382022471
644,Advanced Nilgiris Green Tea - Zoho Lemongrass Model,Beverages,200.0,400.0,Exotic & Flavoured Tea,5.0
645,Max Borosilicate Glass Round Food Container With Dark Blue Lid Series,"Kitchen, Garden & Pets",239.0,399.0,Containers Sets,3.91994382022471
646,Essential Cloth Clip Range,Cleaning & Household,240.0,240.0,"Hangers, Clips & Rope",2.8
647,Fusion Original Soap Model,Beauty & Hygiene,517.5,575.0,Bath & Shower,4.0
648,Fusion Daily Defence Instant Fairness Cream Bundle,Beauty & Hygiene,240.0,240.0,Face & Body,3.91994382022471
649,Advanced Kashmiri Kahwa Green Tea Selection,Gourmet & World Food,243.75,325.0,Gourmet Tea & Tea Bags,3.91994382022471
650,Essential Cookies - Atta Desi Ghee Model,"Bakery, Cakes & Dairy",37.25,149.0,"Bakery Biscuits, Cookies",3.91994382022471
651,Signature Biscuits - Badam Pista Premium Pack,"Bakery, Cakes & Dairy",85.0,99.0,"Bakery Biscuits, Cookies",3.91994382022471
652,Essential Gulabari Moisturising Cold Cream Range,Beauty & Hygiene,76.8,80.0,Face Care,4.2
653,"Advanced Glass Bottle With Removable Fabric Cover - Grey, BB1317 Collection","Kitchen, Garden & Pets",209.0,389.0,Water & Fridge Bottles,3.91994382022471
654,Advanced All Time Plastic Soup Strainer - Assorted Colour Style,"Kitchen, Garden & Pets",48.0,52.0,"Strainer, Ladle, Spatula",3.7
655,"Elite Active Salt Toothpaste - Saver Pack 300 g + Mouthwash - Plax, Active Salt 250 ml Series",Beauty & Hygiene,171.5,268.0,Toothpaste,3.91994382022471
656,"Max Baby Food with Sprouted Grains - Ragi Rich, 6+ Months, Rich in Vitamins & Minerals, No Milk Selection",Baby Care,99.0,99.0,Baby Food,4.1
657,Ultimate Biofluence Therapeutic Shampoo Collection,Beauty & Hygiene,307.5,410.0,Shampoo & Conditioner,3.91994382022471
658,Essential Vitamin D3 Tablets - 5000 IU D3 Set,Beauty & Hygiene,550.0,550.0,Supplements & Proteins,3.91994382022471
659,Essential Organic Kala Chana Edition,"Foodgrains, Oil & Masala",64.0,85.0,Organic Dals & Pulses,4.0
660,Ultimate Soya Nuts - Roasted Range,Gourmet & World Food,49.0,49.0,"Healthy, Baked Snacks",3.91994382022471
661,New Generation Potato Crisp Chips - Original Style,Gourmet & World Food,175.0,175.0,Nachos & Chips,3.91994382022471
662,Ultimate 5 Star Oreo Chocolate Bar Range,Snacks & Branded Foods,35.0,35.0,Chocolates,4.4
663,Pro Pad Thai Noodles Range,Gourmet & World Food,210.0,210.0,Imported Noodles,4.3
664,Fusion Xanthan Gum Style,Gourmet & World Food,90.25,95.0,"Baking, Cake Decorations",4.0
665,Artisan Mint Seasoning Set,"Foodgrains, Oil & Masala",59.25,79.0,Herbs & Seasoning,3.1
666,Artisan Cranberry Kombucha Collection,Gourmet & World Food,95.0,95.0,"Aerated, Still, Sparkling",3.91994382022471
667,New Generation Nomarks - Antimarks Soap For Normal Skin Series,Beauty & Hygiene,35.0,35.0,Bathing Bars & Soaps,4.4
668,Signature M1 Perfume Spray - For Men Range,Beauty & Hygiene,231.0,420.0,Men's Deodorants,4.3
669,"Signature Passiflora Herb Powder - Supports Low Stress, Strain & Low Blood Pressure Model",Beauty & Hygiene,295.0,295.0,Ayurveda,3.91994382022471
670,New Generation Zeb Rise Wired 1200 DPI USB Optical High Precision Mouse Model,Cleaning & Household,168.0,229.0,Electronic Accessories,3.91994382022471
671,Elite Glass Cleaner Range,Cleaning & Household,129.0,129.0,"Kitchen, Glass & Drain",3.8
672,Advanced Aika Snack Bowl Set Premium Pack,"Kitchen, Garden & Pets",159.0,245.0,Glassware,3.9
673,New Generation Hyderabadi Dum Biryani Masala Collection,Gourmet & World Food,139.5,155.0,"Curry Paste, Coconut Milk",3.9
674,Essential Mogo Mogo Fruit Green Tea Make Brew Iced Tea or Hot Tea Set,Gourmet & World Food,449.25,599.0,Gourmet Tea & Tea Bags,3.91994382022471
675,"Fusion Cat Treats - Salmon Rings, Purr-Fect Collection","Kitchen, Garden & Pets",99.0,99.0,Pet Meals & Treats,3.3
676,Fusion Breakfast Protein Variety Bar - Almond Coconut Bundle,Gourmet & World Food,290.0,290.0,Cereal & Granola Bars,3.8
677,Expert Medium Wire Hooks Range,"Kitchen, Garden & Pets",219.0,249.0,Wall Hooks & Hangers,3.91994382022471
678,Pro Intense Gel Lime  Fresh Collection,Cleaning & Household,175.0,175.0,Imported Cleaners,3.91994382022471
679,Pro Cashew/Kaju Whole Small W320 500g + Raisins/Kishmish - Indian 500g Line,"Foodgrains, Oil & Masala",604.0,1000.0,Other Dry Fruits,3.91994382022471
680,Max Tahini Set,"Foodgrains, Oil & Masala",260.0,325.0,Cooking Pastes,3.3
681,Fusion Atta Noodles - Masala Range,Snacks & Branded Foods,80.0,80.0,Instant Noodles,4.1
682,Signature Original Deodorant For Women Edition,Beauty & Hygiene,143.0,220.0,Women's Deodorants,4.2
683,Signature Noodles - Medium Egg Style,Snacks & Branded Foods,275.0,275.0,Instant Noodles,4.0
684,Essential Happy Chef Pasta- Penne Rigate 500g +Sauce - Arrabiata 270g +Borges Olive Oil 1L Collection,Gourmet & World Food,912.0,1704.0,Pastas & Spaghetti,3.91994382022471
685,Expert Blemishes & Acne Control Sheet Mask (Pack of 6) Edition,Beauty & Hygiene,425.73,774.0,Face Care,3.91994382022471
686,"Expert Super Tight Plastic Container - Printed, Assorted Colour Bundle","Kitchen, Garden & Pets",209.0,342.0,Containers Sets,3.6
687,Max Under Eye Gel Set,Beauty & Hygiene,505.75,595.0,Eye Care,2.0
688,New Generation Dates Pickle Collection,Snacks & Branded Foods,150.0,150.0,Other Veg Pickle,4.3
689,Fusion Instant Noodles - Pepper Crab Flavor Model,Gourmet & World Food,45.0,50.0,Imported Noodles,4.2
690,"Elite Confeito Rainbow Vermicelli, Sprinkles Premium Pack",Gourmet & World Food,128.25,135.0,"Baking, Cake Decorations",3.0
691,Artisan Aroma Oil Range,Cleaning & Household,1500.0,1500.0,Air Freshener,3.91994382022471
692,Artisan Honey - Weight Watchers Bundle,Snacks & Branded Foods,550.0,550.0,Honey,5.0
693,Pro Adhesive - All Fix Clear & Non Staining All Purpose Style,Cleaning & Household,66.5,70.0,"Scissor, Glue & Tape",4.3
694,Max Amaranth Grains Selection,Gourmet & World Food,147.0,245.0,Quinoa & Grains,3.91994382022471
695,Fusion Garlic Treat Style,Snacks & Branded Foods,90.0,90.0,Namkeen & Savoury Snacks,3.91994382022471
696,Max Steel Lunch/Tiffin Box With 4 Containers - 8X4 Model,"Kitchen, Garden & Pets",349.0,599.0,Steel Lunch Boxes,3.91994382022471
697,"Artisan Disposable Bamboo Wood Skewers/Pickers - For Use With Barbecue, 8 Inch Bundle","Kitchen, Garden & Pets",99.0,250.0,Kitchen Tools & Other Accessories,3.7
698,Pro Gulab Jamun - Gol M Gol Line,Snacks & Branded Foods,230.0,230.0,"Tinned, Packed Sweets",3.6
699,Advanced Aloe Vera Kanti - Body Cleanser Soap Collection,Beauty & Hygiene,15.0,15.0,Shower Gel & Body Wash,4.2
700,Artisan Refillable Gas Lighter With Flame (27.5cm) Model,"Kitchen, Garden & Pets",185.0,199.0,Lighters,3.2
701,"Signature Garbage Bags - Compostable, 100% Corn Starch, Large, Green, Mono-Carton(24x32 Inches) Premium Pack",Cleaning & Household,450.0,540.0,Garbage Bags,4.0
702,"Advanced Focus - Super Dog Food, For Adults Edition","Kitchen, Garden & Pets",3612.5,4250.0,Pet Meals & Treats,3.3
703,New Generation Room Air Freshener Spray - Rose Garden Selection,Cleaning & Household,119.2,149.0,Air Freshener,4.0
704,Ultimate Toilet Cleaner Clinging Bleach Gel Collection,Cleaning & Household,225.0,300.0,Toilet Cleaners,3.5
705,Ultimate Organic - Sambar Powder Range,"Foodgrains, Oil & Masala",57.0,60.0,Organic Masalas & Spices,4.0
706,Artisan Choco Delite Bar Premium Pack,Snacks & Branded Foods,420.0,420.0,Granola & Cereal Bars,4.0
707,Elite Pain Relief Cream Edition,Beauty & Hygiene,112.5,125.0,Everyday Medicine,4.3
708,New Generation Luna Water/Juice/Whisky Tumbler Style,"Kitchen, Garden & Pets",499.0,684.0,Glassware,3.5
709,Elite Marvel Avengers Small 304 Stainless Steel Lunch Box/Tiffin Box - HMHTLB 73357-AV Premium Pack,"Kitchen, Garden & Pets",349.0,399.0,Lunch Boxes,3.91994382022471
710,Essential Silicone Pacifier Step 2 - Purple Flower Model,Baby Care,249.0,249.0,Soothers & Teethers,3.0
711,Max Olive Oil Series,Beauty & Hygiene,299.0,299.0,Aromatherapy,3.91994382022471
712,"Fusion Cerelac Baby Cereal with Milk - Wheat Apple, From 6-12 Months, Rich in Iron Model",Baby Care,199.0,199.0,Baby Food,4.4
713,Signature Rockers - Chocolate laddu Bundle,Snacks & Branded Foods,299.0,299.0,Fresh Sweets,4.2
714,Ultimate Muffin/Cup Cake - Vanilla Range,"Bakery, Cakes & Dairy",159.0,159.0,Muffins & Cup Cakes,3.91994382022471
715,Elite Gunpowder Temple of Heaven Hand Rolled Green Tea Edition,Gourmet & World Food,539.1,1198.0,Gourmet Tea & Tea Bags,3.91994382022471
716,Pro Cool Wind Eau De Toilette Deodorant Line,Beauty & Hygiene,223.2,279.0,Men's Deodorants,3.91994382022471
717,Max Sausage - Chicken Piri Piri Style,"Eggs, Meat & Fish",325.0,325.0,Chicken Sausages,3.91994382022471
718,"Expert Kesari Shakti Kalp Chyawanprash - Immunity Booster With Gold, Silver & Saffron Series",Beauty & Hygiene,450.0,450.0,Ayurveda,3.91994382022471
719,Advanced Immuniveda Golden Turmeric Milk Mix - Immunity Booster Series,Gourmet & World Food,798.0,798.0,Health Drinks,3.7
720,"Fusion Air Freshener - Lavender Flavoured, Paper, BB1100 Line",Cleaning & Household,58.0,58.0,Air Freshener,4.3
721,Essential Edam Ball Cheese - Diced Model,Gourmet & World Food,342.0,380.0,International Cheese,3.91994382022471
722,Advanced Green Chilly - Chopped Range,Fruits & Vegetables,18.0,22.5,Cut & Peeled Veggies,3.91994382022471
723,Essential Channa Masala Series,"Foodgrains, Oil & Masala",21.0,35.0,Powdered Spices,4.1
724,Advanced Red Pasta Sauce Collection,Snacks & Branded Foods,40.0,40.0,Breakfast & Snack Mixes,4.0
725,Ultimate 100% Pure Honey - Worlds No.1 Honey Brand With No Sugar Adulteration Line,Snacks & Branded Foods,138.0,170.0,Honey,4.2
726,Elite Disney Cinderella Princess PVC Embossed Pencil Bag - HMHTPB 72231-CIN Premium Pack,Cleaning & Household,160.0,199.0,Exam Pads & Pencil Box,1.0
727,Expert Prosto-8 Tablet Series,Beauty & Hygiene,150.0,150.0,Ayurveda,3.91994382022471
728,Pro Exfoliating Walnut Scrub Premium Pack,Beauty & Hygiene,161.25,215.0,Face Care,4.3
729,"Signature Accurate Seal Plastic Tea, Coffee, Sugar Storage Container/Canister - Blue Collection","Kitchen, Garden & Pets",129.0,252.0,Containers Sets,4.0
730,Artisan Mousepad With Gel & Wrist Support Style,Cleaning & Household,87.0,150.0,Electronic Accessories,3.91994382022471
731,Artisan Premium Raw Organic Holy Basil Seeds Selection,Gourmet & World Food,99.0,165.0,Roasted Seeds & Nuts,3.9
732,"Max Namkeen - Murku, Ribbon Set",Snacks & Branded Foods,55.0,55.0,Namkeen & Savoury Snacks,4.2
733,New Generation Organic - Green Peas/Ona Batani Range,"Foodgrains, Oil & Masala",135.0,199.0,Organic Dals & Pulses,3.9
734,Advanced Chewy Mints - Lemon Bundle,Snacks & Branded Foods,50.0,50.0,Mints & Chewing Gum,4.1
735,Advanced Plain Container Jumbo Combo Set - Blue Set,"Kitchen, Garden & Pets",469.0,469.0,Containers Sets,1.0
736,Pro Nacho Crisps - Cheese & Herbs Range,Gourmet & World Food,13.4,20.0,Nachos & Chips,4.2
737,Advanced Syrup - Peach Range,Gourmet & World Food,895.0,895.0,Cocktail Mixes,3.91994382022471
738,New Generation Disney Frozen 304 Stainless Steel Lunch Box/Tiffin Box - HMWWLB 85274-FZ Premium Pack,"Kitchen, Garden & Pets",599.0,699.0,Lunch Boxes,1.0
739,Essential Jack Fruit Chips Collection,Snacks & Branded Foods,120.0,120.0,Namkeen & Savoury Snacks,3.9
740,Elite Organic Sona Masoori White Rice/Akki Model,"Foodgrains, Oil & Masala",619.0,875.0,"Organic Rice, Other Rice",3.91994382022471
741,Advanced Pet Food - Variety Stix Premium Pack,"Kitchen, Garden & Pets",440.0,440.0,Pet Meals & Treats,3.91994382022471
742,Max Thyme & Rosemary Hair Tonic - Scalp-cleansing Treatment Edition,Beauty & Hygiene,95.0,95.0,Ayurveda,3.91994382022471
743,"New Generation Deccan Gold - Premium Filter Coffee, 80:20 Blend Bundle",Beverages,100.0,120.0,Ground Coffee,4.3
744,Ultimate Multigrain Chips - Dahi Papdi Chaat Bundle,Snacks & Branded Foods,29.75,35.0,Chips & Corn Snacks,4.1
745,Signature Shikanji & Chaat Savoury Taste Makers Collection,Gourmet & World Food,295.0,295.0,"Herbs, Seasonings & Rubs",3.91994382022471
746,New Generation Value Pack - Blueberry Almond Crisps + California Pistachio Crunch Premium Pack,Gourmet & World Food,499.0,499.0,"Healthy, Baked Snacks",3.91994382022471
747,Max Sensitive - With Anti-Sensitivity & Fluoride Toothpaste Range,Beauty & Hygiene,152.0,160.0,Toothpaste,3.91994382022471
748,"Artisan Bucket - Super, Green Selection",Cleaning & Household,210.0,210.0,Buckets & Mugs,3.91994382022471
749,"Signature Eau De Parfum - Hydra Energy, For Men Style",Beauty & Hygiene,299.25,399.0,Perfume,4.0
750,Elite Safe Sun Sun Block Cream PA+ - SPF 20 Selection,Beauty & Hygiene,142.5,190.0,Face Care,4.0
751,Expert Chandan Kesar Haldi Face Pack Style,Beauty & Hygiene,436.5,485.0,Face Care,3.91994382022471
752,Essential Hazel Nut Model,Gourmet & World Food,455.0,455.0,Dry Fruits & Berries,3.91994382022471
753,Max Pickle - Avakkai Selection,Snacks & Branded Foods,57.0,57.0,Lime & Mango Pickle,4.1
754,Expert French Lavender Oil & Rose Water Face Wash Bundle,Beauty & Hygiene,310.0,310.0,Face Care,3.1
755,Pro Green Moong//Hesaru Kaalu - Split Collection,"Foodgrains, Oil & Masala",130.0,160.0,"Toor, Channa & Moong Dal",4.2
756,Pro Bio Papaya Scrub Wash Set,Beauty & Hygiene,202.5,270.0,Face Care,4.1
757,"Pro Organic Red Gram/Tur Dal - Split, Skinned Premium Pack","Foodgrains, Oil & Masala",135.0,135.0,Urad & Other Dals,4.0
758,"New Generation Clothes Storage Laundry Bag - Text Printed, Blue, BB-549 Line",Cleaning & Household,519.0,528.0,"Laundry, Storage Baskets",4.0
759,Max Ramen Noodle Soup - Kimchi Premium Pack,Gourmet & World Food,110.0,110.0,Imported Noodles,4.2
760,Artisan Eyeconic Kajal Range,Beauty & Hygiene,206.25,275.0,Eyes,3.9
761,Artisan Stainless Steel Water Bottle - Red BB 508 Bundle,"Kitchen, Garden & Pets",440.0,440.0,Water & Fridge Bottles,3.91994382022471
762,Signature Nilgiris Green Teabags - Anicca Chamomile Style,Beverages,297.5,425.0,Green Tea,5.0
763,Pro 4mm Aluminium Kadai With Handle - Silver Edition,"Kitchen, Garden & Pets",699.0,999.0,Kadai & Fry Pans,3.91994382022471
764,Pro Select - Chhole Masala Set,"Foodgrains, Oil & Masala",75.0,75.0,Powdered Spices,4.5
765,Max Borosilicate Glass Round Container With Lid - Green Line,"Kitchen, Garden & Pets",249.0,329.0,Containers Sets,4.5
766,Fusion Protein Bars - Peanut Cocoa Series,Gourmet & World Food,510.0,600.0,Cereal & Granola Bars,3.91994382022471
767,Ultimate 2X French Perfume Fabric Conditioner Line,Cleaning & Household,388.08,450.0,"Fabric Pre, Post Wash",4.3
768,Advanced Chilli Powder/Menasina Pudi Series,"Foodgrains, Oil & Masala",60.0,60.0,Powdered Spices,3.7
769,Pro Madras Sambar Powder Premium Pack,"Foodgrains, Oil & Masala",38.0,40.0,Blended Masalas,4.3
770,Max Frappuccino - Coffee Selection,Gourmet & World Food,350.0,350.0,Coffee & Pre-Mix,3.91994382022471
771,Essential Cup Noodles - Italiano Collection,Snacks & Branded Foods,50.0,50.0,Cup Noodles,4.0
772,"Artisan Cat Care - Comfort Bowl, 32Oz GIb1010 Series","Kitchen, Garden & Pets",360.0,360.0,Pet Feeding Support,3.91994382022471
773,Artisan Sylvana Whisky Glass Tumbler Set,"Kitchen, Garden & Pets",489.0,660.0,Glassware,3.91994382022471
774,Advanced Flavoured Milk - Pista Model,"Bakery, Cakes & Dairy",96.0,100.0,"Flavoured, Soya Milk",4.0
775,Max India's No 1 Fluoride Free Toothpaste Style,Beauty & Hygiene,210.96,282.0,Toothpaste,4.3
776,Essential Mild Cheddar - Red Portion Line,Gourmet & World Food,449.0,449.0,International Cheese,3.91994382022471
777,Elite Wassup Pup Sulphate Free Puppy Shampoo Model,"Kitchen, Garden & Pets",390.0,390.0,Pet Cleaning & Grooming,3.91994382022471
778,Signature Pinnacle Pride Lunch/Tiffin Kit - Yellow Bundle,"Kitchen, Garden & Pets",600.0,600.0,Lunch Boxes,3.91994382022471
779,Ultimate Red Hot Anti Germ Mouthwash Edition,Beauty & Hygiene,185.0,230.0,Mouthwash,4.2
780,Essential Premium Eau De Toilette Selection,Beauty & Hygiene,1319.4,2199.0,Perfume,3.91994382022471
781,"Max Coffee Roasters - Dark Vienna Roast, French Press Set",Gourmet & World Food,450.0,450.0,Coffee & Pre-Mix,3.91994382022471
782,Essential Pure Shilajit - Resin Form Style,Beauty & Hygiene,1450.0,1450.0,Supplements & Proteins,3.91994382022471
783,Elite Pickle - Chicken Model,Snacks & Branded Foods,265.0,265.0,Non Veg Pickle,2.2
784,Max Taft Ultimate Hair Lacquer Ultimately Strong 6 Series,Beauty & Hygiene,395.0,395.0,Hair & Scalp Treatment,3.7
785,Signature Vinegar - Apple Cider Vinegar + Garcinia Set,Gourmet & World Food,497.17,599.0,Balsamic & Cider Vinegar,4.4
786,Expert Baby Powder Series,Baby Care,235.0,235.0,Baby Powder,4.5
787,Max Aloe 90% Soothing Gel Edition,Beauty & Hygiene,400.0,400.0,Face Care,1.0
788,New Generation Assam Tea Collection,Gourmet & World Food,80.0,80.0,Gourmet Tea & Tea Bags,3.91994382022471
789,Pro In-Shower Hair Removal Cream For Men & Women - Normal Skin Style,Beauty & Hygiene,450.0,450.0,Hair Removal,4.1
790,Elite Chicken Nuggets Edition,Snacks & Branded Foods,269.0,269.0,Frozen Non-Veg Snacks,4.0
791,Artisan Organic - Pumpkin Seeds/Kumbalakayi Bija Set,"Foodgrains, Oil & Masala",375.0,475.0,Organic Dry Fruits,4.0
792,Elite Atlantic Salmon - Smoked  Presliced Collection,"Eggs, Meat & Fish",1180.0,1180.0,Frozen Fish & Seafood,3.91994382022471
793,Artisan Evening Primrose Oil - Vegetarian Capsule (500 mg) Line,Beauty & Hygiene,295.0,295.0,Hair Oil & Serum,5.0
794,Signature Beetroot - Julienne Range,Fruits & Vegetables,26.0,32.5,Cut & Peeled Veggies,3.91994382022471
795,"Artisan Green Tea - Tulsi, Good Morning Selection",Beverages,75.0,150.0,Green Tea,3.91994382022471
796,Advanced Fabric Conditioner - Rose Fresh Style,Cleaning & Household,450.0,450.0,Imported Cleaners,3.0
797,"Elite Graphene Anion Day Use, L Style",Beauty & Hygiene,120.0,120.0,Sanitary Napkins,3.91994382022471
798,Pro Istanbul Juice/Whisky Glass Tumbler Set,"Kitchen, Garden & Pets",409.0,558.0,Glassware,4.0
799,Essential Organic - White Pepper Selection,"Foodgrains, Oil & Masala",70.0,75.0,Organic Masalas & Spices,4.3
800,New Generation Diet Chivda Set,Snacks & Branded Foods,50.0,50.0,Namkeen & Savoury Snacks,4.2
801,Max Chilli Garlic Aioli Dip Range,Snacks & Branded Foods,160.0,200.0,Dips & Dressings,3.91994382022471
802,Advanced Jasmine Heart Bath Personal Care Gift Set Bundle,Beauty & Hygiene,1600.0,2000.0,Bath Salts & Oils,3.91994382022471
803,"Pro Loofah/Sponge Scrubber/Body - Pink, BH-064D PNK Series",Beauty & Hygiene,139.0,189.0,Bathing Accessories,3.91994382022471
804,Ultimate Safe Sun Kids Sun Block Cream - SPF 25 Series,Beauty & Hygiene,232.0,335.0,Face Care,4.0
805,Max Pasta & Pizza Sauce - No Onion & No Garlic Selection,Snacks & Branded Foods,89.0,89.0,Mayonnaise,4.2
806,Signature Soap Case - Glory Set,Beauty & Hygiene,85.0,85.0,Bathing Accessories,5.0
807,New Generation Peanut Butter - Chunky Premium Pack,Gourmet & World Food,299.0,299.0,"Chocolate, Peanut Spread",4.1
808,New Generation Skin Gel - Under Eye Model,Beauty & Hygiene,189.0,189.0,Eye Care,3.0
809,"New Generation Honey Comb Touch Non-Stick Flat Tawa - 260 mm, Black Series","Kitchen, Garden & Pets",429.0,799.0,Tawa & Sauce Pan,3.7
810,"Pro Face Mask - Pro Tech 95, 6 layered, Medium, MK18003 Collection",Beauty & Hygiene,249.0,299.0,Face Masks & Safety Gears,3.6
811,Expert Hand Soap - Lavender & Chamomile Series,Beauty & Hygiene,225.0,225.0,Hand Wash & Sanitizers,5.0
812,Pro Durum Wheat Pasta- Penne Rigate 500 g Carton + Pasta Sauce- Arrabbiata 400 g Jar Bundle,Gourmet & World Food,598.0,598.0,Pastas & Spaghetti,3.91994382022471
813,Fusion Oil - Gingelly Model,"Foodgrains, Oil & Masala",279.0,299.0,Gingelly Oil,4.2
814,Advanced Ragi - Whole Line,"Foodgrains, Oil & Masala",57.0,60.0,Organic Dals & Pulses,3.8
815,"Artisan Capsules - Shilajit Gold for Strength, Stamina & Power Set",Beauty & Hygiene,322.5,430.0,Ayurveda,3.91994382022471
816,Artisan 100% Melamine 3D Soup Spoon - Blue Series,"Kitchen, Garden & Pets",264.0,264.0,Plates & Bowls,3.91994382022471
817,Essential Signature Gold Dark Vanilla & Oud Wood Perfume Model,Beauty & Hygiene,360.0,450.0,Men's Deodorants,3.6
818,"Fusion Super Moist Cake Mix - Yellow, Imported Premium Pack",Gourmet & World Food,445.0,445.0,Flours & Pre-Mixes,3.91994382022471
819,"Advanced Organic Pure Sweetener Blend - 1:4 Sugar Replacement Powder, Unbleached Bundle",Gourmet & World Food,499.0,499.0,Thai & Asian Sauces,3.91994382022471
820,"Essential 100% Whey Protein, Rich Chocolate Range",Beauty & Hygiene,2000.0,2000.0,Supplements & Proteins,3.91994382022471
821,Expert Chemba Puttu Podi Collection,"Foodgrains, Oil & Masala",145.0,145.0,Rice & Other Flours,4.3
822,Advanced Ratnagiri Alphonso Bundle,Beverages,114.0,120.0,Juices,3.91994382022471
823,Elite Water Wiper - Nano Edition,Cleaning & Household,149.0,149.0,"Mops, Wipers",2.2
824,New Generation Tomato Salsa Dip - Enjoy With Nacho Chips Style,Gourmet & World Food,157.5,175.0,"Hummus, Cheese, Salsa Dip",3.91994382022471
825,Signature Canadian Grade A Maple Syrup Model,Gourmet & World Food,481.5,535.0,Honey & Maple Syrup,3.8
826,"Signature Harippa Roasted Seeds - Pumpkin, Cheesy Onion Range",Gourmet & World Food,120.0,120.0,Roasted Seeds & Nuts,4.8
827,Advanced Premium - 3 Follow-Up Formula Edition,Baby Care,595.0,595.0,Infant Formula,4.5
828,Expert Hand Wash - Green Apple Model,Beauty & Hygiene,198.0,198.0,Hand Wash & Sanitizers,3.91994382022471
829,Expert Energy Bar Hazelnut Magic 6 pcs + Energy Bar Oat & Apricot 6 pcs Selection,Snacks & Branded Foods,600.0,600.0,Granola & Cereal Bars,3.91994382022471
830,Ultimate Stevia Tablets Dispenser Bundle,Gourmet & World Food,120.0,120.0,Exotic Sugar & Salt,4.0
831,"Pro Steel Spoon set - Ice cream, Monde Selection","Kitchen, Garden & Pets",115.0,150.0,"Cutlery, Spoon & Fork",4.3
832,Expert My Dream For Him - Perfumed Deodorant Natural Spray Line,Beauty & Hygiene,295.0,295.0,Men's Deodorants,3.91994382022471
833,Max Imli Khajoor Chutney Style,"Foodgrains, Oil & Masala",90.0,90.0,Cooking Pastes,4.4
834,Elite Water & Juice Glass - Long Range,"Kitchen, Garden & Pets",1099.0,1099.0,Glassware,5.0
835,Max Dry Dates/Kharjura/Chuara Style,"Foodgrains, Oil & Masala",699.0,699.0,Other Dry Fruits,4.0
836,Essential Express Shine Sponge - Black Set,Cleaning & Household,72.0,72.0,Shoe Polish,4.2
837,"Fusion Storewell Airtight Plastic Container - Transparent, With Purple Lid Edition","Kitchen, Garden & Pets",339.0,769.0,Containers Sets,4.0
838,Max Olive Oil - Pomace Premium Pack,Gourmet & World Food,499.0,499.0,"Pure, Pomace Olive Oil",4.3
839,Pro Chai/100% Melamine Water/Juice Tumbler - Red Series,"Kitchen, Garden & Pets",149.0,192.0,"Cups, Mugs & Tumblers",3.8
840,Fusion 100% Green Tea Selection,Beverages,141.55,149.0,Green Tea,3.8
841,Elite Papad - Special Punjabi Masala Series,Snacks & Branded Foods,90.0,90.0,"Papads, Ready To Fry",3.2
842,"Elite Anti Viral & Anti Pollution N95 Face Mask - Tesu, Large, Assorted Selection",Beauty & Hygiene,1195.0,1195.0,Face Masks & Safety Gears,3.0
843,Elite Cookies - Cashew Set,Snacks & Branded Foods,36.0,40.0,Cookies,4.1
844,"Advanced Plastic Bucket With Handle - Off Ivory, New Nova, 15400 Bundle",Cleaning & Household,307.0,307.0,Buckets & Mugs,4.4
845,Artisan Millet Idly & Dosa Batter Bundle,Snacks & Branded Foods,100.0,100.0,Breakfast & Snack Mixes,3.9
846,New Generation Plastic Clip Mop - 350 Edition,Cleaning & Household,249.0,349.0,"Mops, Wipers",3.5
847,"Ultimate Prawns, Peeled & Deveined Premium Pack","Eggs, Meat & Fish",405.0,699.0,Fresh Fish,3.91994382022471
848,Signature Serum Vegital Perfecting Toning Lotion - For All Skin Types Style,Beauty & Hygiene,697.0,850.0,Face Care,3.91994382022471
849,"New Generation Spring Roll Sheets - 6""x6"" Series",Snacks & Branded Foods,100.0,110.0,Frozen Veg Snacks,4.0
850,Elite Fiesta Serving Bowl With Serving Spoon - Assorted Colour Collection,"Kitchen, Garden & Pets",349.0,564.0,Plates & Bowls,4.0
851,"Expert Glass Water Bottle With Round Base - Yellow, B1367 Selection","Kitchen, Garden & Pets",209.0,499.0,Water & Fridge Bottles,3.91994382022471
852,Ultimate Small Jars Set With Printed Lids Bundle,"Kitchen, Garden & Pets",109.0,130.0,Glassware,4.2
853,Artisan Tasty Masala Coated Peanuts Selection,Snacks & Branded Foods,105.0,147.0,Namkeen & Savoury Snacks,3.91994382022471
854,Pro Masala - Paneer Set,"Foodgrains, Oil & Masala",37.8,42.0,Blended Masalas,4.3
855,Signature Singhara Atta - Gluten Free Style,Gourmet & World Food,140.0,140.0,Flours & Pre-Mixes,3.7
856,"New Generation Plastic Dustbin/Garbage Bin - Green With Black, Polka Dots, Bon Bon, 12081P-M-B Range",Cleaning & Household,199.0,320.0,Dustbins,2.9
857,"Elite Steel Storage/Lunch Container - No.14, Blue, Klip It Selection","Kitchen, Garden & Pets",219.0,328.0,Steel Storage Containers,3.8
858,New Generation Pink/Rosa Beauty Bathing Bar Style,Beauty & Hygiene,193.5,215.0,Bathing Bars & Soaps,4.3
859,Pro Sesame Oil - Cold Pressed Collection,Gourmet & World Food,195.0,195.0,Flavoured & Other Oils,4.8
860,Signature Purifying Neem Facial Wipes Model,Beauty & Hygiene,150.0,200.0,Face Care,4.3
861,Elite Fruit Juice - Mango Delight Series,Beverages,164.0,200.0,Juices,3.91994382022471
862,Expert International Italian Mushroom Soup Model,Snacks & Branded Foods,58.5,65.0,Soups,4.2
863,"Pro Plates - Marine Fish, Medium Edition","Kitchen, Garden & Pets",929.0,1272.0,Glassware,4.0
864,Fusion Pumpkin - Organically Grown Selection,Fruits & Vegetables,28.0,35.0,Organic Vegetables,3.91994382022471
865,Fusion Baby Wipes - Gentle Range,Baby Care,44.0,44.0,Baby Wipes,4.3
866,Fusion Face Scrub De Tan With Walnut Granules Line,Beauty & Hygiene,226.0,350.0,Face & Body,2.0
867,Artisan Hazelnut Kernel Series,Gourmet & World Food,153.0,170.0,"Baking, Cake Decorations",3.91994382022471
868,Pro Mutton Delicate Chops Model,"Eggs, Meat & Fish",550.0,550.0,Frozen Mutton,3.91994382022471
869,Fusion Snail Moisture Mask Sheet Edition,Beauty & Hygiene,180.0,180.0,Face Care,3.91994382022471
870,Advanced Nutri-licious Masala Veg Atta Noodles - Pouch Premium Pack,Snacks & Branded Foods,80.88,94.0,Instant Noodles,4.2
871,Essential Masala - Mumbai Bhaji Pav Selection,"Foodgrains, Oil & Masala",35.0,35.0,Blended Masalas,4.4
872,Artisan Squash - Sarasaparilla/Nannari/Sugandhi Root Style,Beverages,140.0,140.0,Syrups & Concentrates,2.5
873,Signature Pure Country Jaggery/Bella Powder Selection,"Foodgrains, Oil & Masala",97.0,97.0,Sugar & Jaggery,3.9
874,"Essential Steel Storage/Lunch Container - No.21, Pink, Klip It Model","Kitchen, Garden & Pets",129.0,199.0,Steel Storage Containers,2.8
875,"Signature Sanitary Pads - XL Plus Wings, Ultra Selection",Beauty & Hygiene,156.75,170.0,Sanitary Napkins,4.3
876,Pro Herbal Peptide + Hyaluronic 4% Firming Serum - Complete Age Control Concentrate Range,Beauty & Hygiene,1530.0,1800.0,Face Care,3.91994382022471
877,Advanced Agar Agar Vegetarian Gelatin Style,Gourmet & World Food,449.0,449.0,"Baking, Cake Decorations",3.5
878,Artisan Green Tea - Jasmine Bundle,Beverages,166.0,195.0,Green Tea,3.9
879,Fusion Sapphire Storage Container - Assorted Colour Range,Cleaning & Household,249.0,301.0,"Laundry, Storage Baskets",3.91994382022471
880,Elite Secondary Class Students - Online Learning Collection,Cleaning & Household,249.0,256.0,"Notebooks, Files, Folders",3.91994382022471
881,"Signature Apple - Green, Premium Style",Fruits & Vegetables,145.0,181.25,Apples & Pomegranate,3.91994382022471
882,Max 3-In-1 Conditioning Shampoo Selection,Beauty & Hygiene,225.0,225.0,Shampoo & Conditioner,4.5
883,Expert Makhana - Himalayan Salt & Pepper Range,Gourmet & World Food,79.0,79.0,"Healthy, Baked Snacks",3.91994382022471
884,Artisan Gold Flash - Mosquito Repellent Combo Machine & Refill Edition,Cleaning & Household,160.2,178.0,Mosquito Repellent,4.2
885,New Generation Maharasnadi Kwath Edition,Beauty & Hygiene,175.0,175.0,Ayurveda,3.91994382022471
886,Max Aloe Face Wash Gel Model,Beauty & Hygiene,108.0,120.0,Face Care,3.8
887,"Signature Energy Bars - Berry, 4+ Years, 100% Natural & Healthy Style",Snacks & Branded Foods,700.0,700.0,Chocolates,3.8
888,Essential Hot & Cold Jug - Thermo Tuff Edition,"Kitchen, Garden & Pets",349.0,435.0,"Cups, Mugs & Tumblers",3.91994382022471
889,Fusion PP Apple Belt Edition,Gourmet & World Food,30.0,30.0,"Marshmallow, Candy, Jelly",5.0
890,Fusion Shade Revive Plant Based Liquid Laundry Detergent Set,Cleaning & Household,262.65,309.0,"Detergent Powder, Liquid",3.91994382022471
891,Artisan Sensual - Handmade Jasmine Bathing Bar With Natural Chunks Range,Beauty & Hygiene,199.0,199.0,Bathing Bars & Soaps,2.0
892,Max El Paso Deodorant Series,Beauty & Hygiene,150.0,250.0,Men's Deodorants,4.7
893,Pro Complete Detergent Washing Powder Bundle,Cleaning & Household,280.0,280.0,"Detergent Powder, Liquid",4.4
894,Artisan Classic Chicken Delite Soup Premium Pack,Snacks & Branded Foods,49.5,55.0,Soups,4.3
895,Max Kitchen Cloth - Big Premium Pack,Cleaning & Household,99.0,99.0,Dust Cloth & Wipes,2.0
896,Pro Sugar Free Butter Cookies Selection,Snacks & Branded Foods,34.0,40.0,Cookies,4.2
897,Expert Chef Curated Marinade Pahadi Set,"Foodgrains, Oil & Masala",120.0,120.0,Blended Masalas,5.0
898,Advanced Pro 4 Shaving Razor for Men - Blade + Handle + Cap Set,Beauty & Hygiene,299.0,299.0,Shaving Care,3.91994382022471
899,Signature Curcumin Imbued Honey Selection,Gourmet & World Food,499.0,499.0,Honey & Maple Syrup,4.6
900,New Generation Flakes - Ragi Premium Pack,Snacks & Branded Foods,60.0,60.0,Kids Cereal,4.3
901,Signature Sports Sunscreen Lotion SPF 50 Premium Pack,Beauty & Hygiene,247.0,380.0,Face Care,3.7
902,Elite Tea - Masala Vasala Line,Gourmet & World Food,449.0,449.0,Gourmet Tea & Tea Bags,3.91994382022471
903,"Fusion Diabetic Care - Apple Cider Vinegar Blended With Bermuda Grass, Guava Leaf Juice & Honey Collection",Gourmet & World Food,449.1,499.0,Balsamic & Cider Vinegar,5.0
904,Essential Papaya & Apricot Anti Tan Scrub Edition,Beauty & Hygiene,208.0,260.0,Face Care,3.7
905,Pro Pasta - Orecchiette Premium Pack,Gourmet & World Food,325.0,325.0,Pastas & Spaghetti,3.91994382022471
906,Elite Bio Green - Apple Fresh Daily Purifying Shampoo & Conditioner Style,Beauty & Hygiene,74.25,99.0,Shampoo & Conditioner,4.3
907,Signature Olive Pomace Oil Selection,Gourmet & World Food,2800.0,2800.0,"Pure, Pomace Olive Oil",2.5
908,New Generation Green Stuffed Hot Pepper Pickle Line,Gourmet & World Food,250.0,250.0,"Jams, Marmalade, Spreads",3.91994382022471
909,Ultimate Organic Basmati Rice/Basmati Akki - White Model,"Foodgrains, Oil & Masala",237.5,250.0,"Organic Rice, Other Rice",3.8
910,Signature UV Away Moist Jumbo Sun Block Range,Beauty & Hygiene,1200.0,1200.0,Face Care,4.5
911,"Max LED Bulb - 12 Watt, Cool White, B22 Style","Kitchen, Garden & Pets",149.0,269.0,CFL & Led Bulbs,3.3
912,New Generation Crunchy Cinnamon Almond Butter Premium Pack,Gourmet & World Food,389.0,389.0,Butter & Cream,3.2
913,Pro MaxFresh Pink Spicy Fresh Gel Toothpaste - Rajasthan Royals Special Edition Pack Selection,Beauty & Hygiene,89.25,105.0,Toothpaste,3.91994382022471
914,Max Elegance Deodorant - For Men Line,Beauty & Hygiene,159.2,199.0,Men's Deodorants,3.9
915,New Generation Natural Baby Wash Range,Baby Care,149.0,149.0,Baby Bath,3.91994382022471
916,Ultimate Bajra Pearls - Roasted Style,Gourmet & World Food,89.0,89.0,"Healthy, Baked Snacks",3.91994382022471
917,Fusion Tamarind/Hunisehannu Bundle,"Foodgrains, Oil & Masala",65.0,65.0,Whole Spices,3.9
918,Signature Kitchen Towel Paper Reusable Tissue Washable Style,Cleaning & Household,180.0,180.0,Kitchen Rolls,3.8
919,Advanced Organic Bisibelebath Mix - Kodo Millet Line,Snacks & Branded Foods,115.0,115.0,Breakfast & Snack Mixes,3.91994382022471
920,Expert Wisal Dhabab Perfume Deodorant For Men Line,Beauty & Hygiene,225.0,299.0,Men's Deodorants,3.8
921,Ultimate Palakkad Red Matta Boiled Rice - Unda Style,"Foodgrains, Oil & Masala",242.0,350.0,Boiled & Steam Rice,3.91994382022471
922,Pro Olive Vegetable Oil Selection,Beauty & Hygiene,156.75,165.0,Aromatherapy,3.91994382022471
923,Advanced Hearts & Kisses For Women Model,Beauty & Hygiene,419.3,599.0,Eau De Toilette,3.6
924,Ultimate Chocos - Moons & Stars Premium Pack,Snacks & Branded Foods,175.0,175.0,Kids Cereal,4.2
925,Elite Instant Diet Popcorn - Contains Olive Oil Range,Snacks & Branded Foods,10.0,10.0,Chips & Corn Snacks,3.9
926,Advanced Ultra Mosquito Repellant Refill - Floral Fragrance Range,Cleaning & Household,72.0,72.0,Air Freshener,4.2
927,New Generation Con Con Corn Chips - BBQ Style,Gourmet & World Food,120.0,120.0,"Healthy, Baked Snacks",3.91994382022471
928,Advanced Disinfectant Surface Sanitizer Bundle,Cleaning & Household,71.1,79.0,Disinfectant Spray & Cleaners,3.6
929,Fusion Surekha Boiled Rice Series,"Foodgrains, Oil & Masala",228.0,300.0,Boiled & Steam Rice,3.91994382022471
930,Ultimate Peri Peri Masala Line,"Foodgrains, Oil & Masala",42.24,48.0,Blended Masalas,3.9
931,New Generation Haldi Drops Set,Beauty & Hygiene,190.0,190.0,Ayurveda,3.91994382022471
932,Pro Pasta - 37B Penne Rigate Model,Gourmet & World Food,92.0,115.0,Extra Virgin Olive Oil,2.0
933,Artisan Asafoetida Powder Set,"Foodgrains, Oil & Masala",160.0,160.0,Powdered Spices,4.2
934,Fusion Face Wash - Blush & Glow Strawberry Gel Series,Beauty & Hygiene,153.75,205.0,Face Care,4.3
935,Essential Blueberry Almond Crisps Style,Gourmet & World Food,225.0,225.0,"Healthy, Baked Snacks",3.91994382022471
936,"Signature Toothpaste - Whitening, Cavity Protection, 150 G Edition",Beauty & Hygiene,85.0,100.0,Toothpaste,4.2
937,"Essential Bathing/Cleaning Bucket - With Plastic Handle, Mango Yellow, L1145PH-LT MY Bundle",Cleaning & Household,249.0,408.0,Buckets & Mugs,4.4
938,Artisan Organic Puttu - Pearl Millet Premium Pack,Snacks & Branded Foods,68.0,68.0,Breakfast & Snack Mixes,2.3
939,Advanced Muesli - Gluten Free Set,Gourmet & World Food,790.0,790.0,Muesli & Rice Cakes,3.91994382022471
940,Elite Organic Powder - Red Chilly Bundle,"Foodgrains, Oil & Masala",52.25,55.0,Organic Masalas & Spices,4.1
941,Essential Thyme Edition,"Foodgrains, Oil & Masala",79.0,109.0,Herbs & Seasoning,3.91994382022471
942,"Pro Steel Deep Dabba/Storage Container - No. 14, Plain Collection","Kitchen, Garden & Pets",329.0,459.0,Steel Storage Containers,3.91994382022471
943,"Fusion Coco Oval Basket With Lid - Medium, Assorted Colour Edition",Cleaning & Household,159.0,182.0,"Laundry, Storage Baskets",3.91994382022471
944,New Generation Aluminium Induction Base Flat Bottom Patila Tope Pot - Silver Style,"Kitchen, Garden & Pets",399.0,599.0,Tawa & Sauce Pan,3.91994382022471
945,"New Generation Ultra-Fresh Fairness Face Wash With Milk, Licorice, Saffron Selection",Beauty & Hygiene,12.75,15.0,Face Care,2.3
946,New Generation Pickle - Prawn Selection,"Eggs, Meat & Fish",225.0,225.0,Canned Seafood,3.91994382022471
947,Expert Stand & Pee Reusable Portable Urination Funnel For Women Set,Beauty & Hygiene,225.5,275.0,Intimate Wash & Care,2.0
948,Max Original Scent - Dry Skin Moisturiser With Cherry Almond Essence Bundle,Beauty & Hygiene,449.1,499.0,Body Care,4.3
949,Max Cookies-Choco Ripple Cookies Edition,Snacks & Branded Foods,36.0,40.0,Cookies,4.2
950,"New Generation Executive Lunch Box - Small, T Blue Style","Kitchen, Garden & Pets",390.0,390.0,Lunch Boxes,3.5
951,Expert Room Freshener - Soul Blossom Jasmine Line,Cleaning & Household,149.0,149.0,Air Freshener,4.3
952,Elite Sauce - Chilli Model,Gourmet & World Food,200.0,200.0,Salad Dressings,5.0
953,"Advanced Copper Water Fliptop Bottle - Hammered, Plain Selection","Kitchen, Garden & Pets",549.0,1299.0,Copper Utensils,2.3
954,Max Himalayan Raw Apple Cider Vinegar Model,Snacks & Branded Foods,296.0,370.0,Vinegar,4.2
955,"Expert Toothbrush - 360 Degree Flosstip, Soft Set",Beauty & Hygiene,142.5,190.0,Toothbrush,3.9
956,Fusion Purifying Neem Face Wash Collection,Beauty & Hygiene,63.0,63.0,Face Care,3.9
957,Essential Opalware Classique 2 Dinner Set - Mystrio Black Line,"Kitchen, Garden & Pets",2379.0,3395.0,Dinner Sets,3.3
958,Essential Black Sliced Olives Premium Pack,Gourmet & World Food,180.0,200.0,"Olive, Jalapeno, Gherkin",3.8
959,Fusion Diatrin Tablets - Controls Sugar Naturally Collection,Beauty & Hygiene,65.0,65.0,Ayurveda,3.91994382022471
960,"Max Hangable Dress Shaped Hand/Basin Towel - Cream, Bh-038 Crm Selection",Beauty & Hygiene,209.0,260.0,Bathing Accessories,3.91994382022471
961,Elite 6 Oil Nourish Conditioner Style,Beauty & Hygiene,159.0,199.0,Shampoo & Conditioner,4.3
962,"Advanced Stainless Steel  Induction Compatible Pressure Cooker - Silver, HSS10 Bundle","Kitchen, Garden & Pets",5320.0,5600.0,Pressure Cookers,3.91994382022471
963,"Elite Chips - Potato, Masala Model",Snacks & Branded Foods,45.0,45.0,Chips & Corn Snacks,3.4
964,Pro Dates Powder - Natural Sweetener Collection,Baby Care,300.0,300.0,Organic Baby Food,4.6
965,New Generation Coconut Scraper - Sleek Model,"Kitchen, Garden & Pets",199.0,225.0,Choppers & Graters,3.5
966,Max Infant Formula Baby Food Powder - Stage 1 Series,Baby Care,715.0,715.0,Infant Formula,4.5
967,Max Organic - Whole Wheat Ajwain Jaggery Teething Sticks Premium Pack,Baby Care,175.0,175.0,Organic Baby Food,3.9
968,Advanced Pre Shave Foam - Classic Lemon Lime Bundle,Beauty & Hygiene,195.02,199.0,Shaving Care,4.2
969,Elite Onion - Organically Grown Set,Fruits & Vegetables,35.0,43.75,Organic Vegetables,3.91994382022471
970,Advanced Cheese Spread - Asli Pepper Line,"Bakery, Cakes & Dairy",101.25,135.0,Cheese,4.0
971,Fusion Lollygum Style,Snacks & Branded Foods,99.0,125.0,"Toffee, Candy & Lollypop",3.7
972,Pro Pet Selo Container Set - Silver Range,"Kitchen, Garden & Pets",279.0,362.0,Containers Sets,3.6
973,Pro Amritsari Marinade Series,"Foodgrains, Oil & Masala",51.75,69.0,Herbs & Seasoning,1.0
974,Signature Sriracha Hot Chilli Sauce Edition,Gourmet & World Food,180.0,180.0,Thai & Asian Sauces,4.0
975,Max Brightening Booster Orange Shower Gel Edition,Beauty & Hygiene,299.0,299.0,Shower Gel & Body Wash,3.0
976,Ultimate Icecream Mix- Chocolate Collection,Gourmet & World Food,43.2,48.0,"Baking, Cake Decorations",4.2
977,Advanced Spices - Whole White Pepper Edition,Gourmet & World Food,250.0,250.0,"Herbs, Seasonings & Rubs",3.0
978,Essential Comb - Derby Deluxe No 61 Bundle,Beauty & Hygiene,40.0,40.0,Tools & Accessories,4.0
979,Ultimate Scissors - Stylish Cut Premium Pack,Cleaning & Household,220.0,220.0,"Scissor, Glue & Tape",3.3
980,Max Sylvana Shot Glass Tumbler Edition,"Kitchen, Garden & Pets",359.0,438.0,Glassware,3.4
981,"Advanced Padded Lead - 1 inch, Blue Colour Edition","Kitchen, Garden & Pets",730.0,730.0,Pet Collars & Leashes,3.91994382022471
982,Ultimate Pimple Clear & Germ Removal Face Wash Set,Beauty & Hygiene,186.0,249.0,Face Care,4.4
983,Ultimate Organic Peanut Flax Chutney - Spicy Podi Flavour Premium Pack,Snacks & Branded Foods,120.0,130.0,Chutney Powder,3.7
984,Artisan Manuka Honey Multifloral Model,Gourmet & World Food,1999.0,1999.0,Honey & Maple Syrup,3.91994382022471
985,Advanced Everfresh Morning Rose Dew Gel Blocks Range,Cleaning & Household,59.0,65.0,Air Freshener,3.7
986,Artisan Organic Tamarind/Hunisehannu Set,"Foodgrains, Oil & Masala",239.0,339.0,Organic Masalas & Spices,3.91994382022471
987,"Essential Muffin - Rich Chocolate, Whole Wheat (Eggless) Edition","Bakery, Cakes & Dairy",289.0,289.0,Muffins & Cup Cakes,4.3
988,Fusion Cheesy Corn Triangles Edition,Snacks & Branded Foods,152.0,160.0,Frozen Veg Snacks,3.7
989,Fusion Rejuvenating Cucumber & Aloe Vera Face Pack For Skin Edition,Beauty & Hygiene,171.0,180.0,Face Care,4.5
990,Elite Opalware Ivory Multiutility Bowl Set - Autumn Shadow Selection,"Kitchen, Garden & Pets",225.0,225.0,Plates & Bowls,3.91994382022471
991,Elite Cheese Crunchy Layered Crackers Selection,"Bakery, Cakes & Dairy",140.0,150.0,"Bakery Biscuits, Cookies",4.5
992,Pro Kitchen & Household Daily Cleaning - Reusable Cloth Collection,Cleaning & Household,151.2,180.0,Dust Cloth & Wipes,3.0
993,Signature Glass Water/Juice Tumbler - Summer Range,"Kitchen, Garden & Pets",439.0,485.0,Glassware,3.5
994,Essential Pearl Whitening Peel Off Mask Set,Beauty & Hygiene,144.0,180.0,Face Care,3.0
995,Advanced Plastic Watering Can - Green Bundle,"Kitchen, Garden & Pets",599.0,599.0,Gardening Tools,3.8
996,Artisan Lemon Grass Bundle,Fruits & Vegetables,10.0,12.5,Indian & Exotic Herbs,3.91994382022471
997,Essential Professional Salon Series Platinum Silver Facial Kit Style,Beauty & Hygiene,1120.0,1600.0,Face Care,5.0
998,Signature Medium Prawns Selection,Snacks & Branded Foods,225.0,250.0,Frozen Non-Veg Snacks,3.9
999,"Max Stainless Steel Spices Bottle/Holder - Silver, BB 543 Series","Kitchen, Garden & Pets",389.0,809.0,Racks & Holders,3.91994382022471
1000,Ultimate Organic - Chana Masala Collection,"Foodgrains, Oil & Masala",65.0,65.0,Organic Masalas & Spices,4.5
1001,"Max Body Bath Loofah/Sponge/Scrubber - Double Loop Hangable - Grey, BH011GRY Style","Kitchen, Garden & Pets",219.0,219.0,Kitchen Tools & Other Accessories,3.91994382022471
1002,New Generation Fibre Rich Muesli For Breakfast + Cranberry Blueberry Muesli Fibre (each 1kg) Range,Gourmet & World Food,988.0,1190.0,Muesli & Rice Cakes,3.91994382022471
1003,Expert Immunity Booster Natural Remedial Drink Premium Pack,Gourmet & World Food,395.0,395.0,"Curry Paste, Coconut Milk",3.91994382022471
1004,"Artisan Copper Bottle - Matt Finish, Duke, BBCB03 Range","Kitchen, Garden & Pets",649.0,1299.0,Copper Utensils,3.2
1005,Ultimate Syrup Selection,Gourmet & World Food,200.0,200.0,"Chocolate, Peanut Spread",5.0
1006,Essential Microfiber Multipurpose Cloth Set,Cleaning & Household,140.0,140.0,Dust Cloth & Wipes,4.1
1007,Essential Paste - Ginger & Garlic Series,"Foodgrains, Oil & Masala",68.25,75.0,Cooking Pastes,4.2
1008,Elite Sugar/Sakkare - Refined Collection,"Foodgrains, Oil & Masala",234.0,295.0,Sugar & Jaggery,4.1
1009,Essential Namkeen - Lite Chiwda Set,Snacks & Branded Foods,10.0,10.0,Namkeen & Savoury Snacks,4.1
1010,Expert Men Expert White Activ Intensive Whitening Foam Line,Beauty & Hygiene,499.0,499.0,Face & Body,3.0
1011,Advanced Shai Mix Model,"Foodgrains, Oil & Masala",131.75,155.0,Mukhwas,3.91994382022471
1012,Advanced Menthol Cool 500 ml + Laundry San- Fresh Linen 480 ml Series,Cleaning & Household,309.6,363.0,Disinfectant Spray & Cleaners,3.91994382022471
1013,Expert Daily Face Care Lotion Oil Balance - Combination To Normal Skin Line,Beauty & Hygiene,117.0,130.0,Face Care,4.4
1014,Essential Nano Sun Block Sun Protective Cream Spf 60 Model,Beauty & Hygiene,455.0,455.0,Face Care,5.0
1015,Fusion Women Well Being Capsules Model,Beauty & Hygiene,210.0,210.0,Supplements & Proteins,4.0
1016,Ultimate Men Expert Hydra Power Duo Foam Cleanser Selection,Beauty & Hygiene,367.54,499.0,Face & Body,4.1
1017,Signature Bounce Biscuits - Orange Creme Set,Snacks & Branded Foods,27.0,30.0,Cream Biscuits & Wafers,4.2
1018,Pro Organic - Parmal Rice Line,"Foodgrains, Oil & Masala",424.15,499.0,Organic Masalas & Spices,3.91994382022471
1019,New Generation Chicken Classic Salami Style,"Eggs, Meat & Fish",140.0,140.0,Chicken Sausages,3.91994382022471
1020,Expert EDT Spray - Sport Style For Men Model,Beauty & Hygiene,595.0,595.0,Men's Deodorants,3.91994382022471
1021,"Signature Shot Body Spray - Absolute Series, Craze Bundle",Beauty & Hygiene,168.75,225.0,Women's Deodorants,1.0
1022,New Generation W3 Perfume Spray - For Women Collection,Beauty & Hygiene,250.9,420.0,Women's Deodorants,4.2
1023,New Generation Nut Cracker Bundle,Snacks & Branded Foods,48.0,48.0,Namkeen & Savoury Snacks,5.0
1024,Fusion Alphabytes Selection,Snacks & Branded Foods,137.75,145.0,Frozen Veg Snacks,4.3
1025,Artisan Herbal Aloevera Neem & Basil Facial Massage Gel Collection,Beauty & Hygiene,215.0,215.0,Face Care,3.4
1026,Expert Steel Lunch/Tiffin Box Set With Bag - Tiffany Selection,"Kitchen, Garden & Pets",599.0,900.0,Steel Lunch Boxes,4.0
